poutcome,pdays,previous,contact,campaign,day,housing,marital,y
3,-1,0,0,6,13,1,0,0
3,-1,0,0,2,8,1,0,0
3,-1,0,0,4,26,0,0,0
3,-1,0,0,1,17,1,0,0
3,-1,0,0,3,25,0,0,0
3,-1,0,2,1,20,1,0,0
1,366,4,0,8,15,1,0,0
3,-1,0,2,3,17,0,0,0
2,134,2,0,1,8,0,0,1
1,5,1,0,3,2,1,0,0
3,-1,0,0,2,8,0,0,0
3,-1,0,0,1,2,0,0,0
3,-1,0,1,1,16,0,0,0
3,-1,0,0,1,18,1,0,0
3,-1,0,2,1,12,1,0,0
1,585,6,0,3,8,0,0,0
3,-1,0,0,1,29,0,0,0
3,-1,0,0,1,3,1,0,0
3,-1,0,0,1,24,0,0,0
0,351,1,0,2,13,1,0,0
3,-1,0,0,1,3,1,0,0
3,-1,0,0,1,4,1,0,0
1,184,1,0,1,6,0,0,0
3,-1,0,2,5,26,0,0,0
3,-1,0,0,2,7,1,0,0
3,-1,0,0,3,11,0,0,0
2,113,3,0,1,22,0,0,1
3,-1,0,2,4,18,1,0,0
3,-1,0,0,2,18,0,0,0
3,-1,0,0,1,3,0,0,1
0,153,26,0,6,20,1,0,0
3,-1,0,0,1,9,1,0,0
3,-1,0,0,1,10,1,0,0
3,-1,0,0,2,14,0,0,0
3,-1,0,2,1,19,0,0,0
3,-1,0,0,3,29,0,0,0
3,-1,0,0,5,19,0,0,0
3,-1,0,2,7,17,0,0,0
3,-1,0,0,2,6,0,0,0
3,-1,0,0,2,31,1,0,0
3,-1,0,0,1,8,0,0,0
3,-1,0,1,2,17,1,0,1
3,-1,0,2,2,27,1,0,0
3,-1,0,0,1,7,1,0,0
3,-1,0,2,3,4,0,0,0
3,-1,0,2,4,14,1,0,0
0,350,1,0,1,11,1,0,0
3,-1,0,0,11,30,0,0,0
3,-1,0,0,4,19,0,0,0
3,-1,0,0,2,13,1,0,0
1,362,1,0,4,5,1,0,0
3,-1,0,0,5,5,1,0,0
3,-1,0,2,1,9,1,0,0
3,-1,0,2,4,23,1,0,0
3,-1,0,2,1,13,1,0,0
3,-1,0,0,1,19,0,0,0
3,-1,0,2,3,27,1,0,0
3,-1,0,2,2,15,1,0,0
3,-1,0,0,3,15,0,0,0
3,-1,0,0,5,20,1,0,0
3,-1,0,2,2,6,1,0,0
3,-1,0,0,1,3,0,0,1
3,-1,0,0,1,17,1,0,0
3,-1,0,2,1,5,1,0,0
3,-1,0,0,1,6,0,0,1
3,-1,0,2,1,8,1,0,0
3,-1,0,2,5,3,1,0,0
3,-1,0,0,2,17,0,0,0
1,219,2,0,3,27,0,0,0
3,-1,0,0,7,18,0,0,0
3,-1,0,0,1,21,0,0,1
0,162,3,0,2,20,1,0,0
3,-1,0,0,6,27,0,0,0
3,-1,0,0,1,15,1,0,0
3,-1,0,0,1,19,0,0,0
3,-1,0,0,1,14,1,0,1
3,-1,0,0,2,17,1,0,0
2,102,3,0,7,1,0,0,0
3,-1,0,0,2,29,0,0,0
2,187,1,1,1,12,0,0,1
3,-1,0,0,2,2,0,0,0
3,-1,0,2,2,6,1,0,0
3,-1,0,2,2,26,1,0,0
3,-1,0,1,1,9,0,0,0
3,-1,0,1,2,14,0,0,1
3,-1,0,0,1,7,0,0,1
0,270,3,0,1,3,1,0,1
3,-1,0,2,1,8,1,0,0
0,227,2,0,1,26,0,0,0
3,-1,0,1,1,20,1,0,0
3,-1,0,0,1,4,0,0,1
3,-1,0,2,1,14,1,0,0
3,-1,0,0,2,5,0,0,0
3,-1,0,0,1,10,1,0,0
3,-1,0,2,1,5,0,0,1
3,-1,0,0,3,15,1,0,1
3,-1,0,1,8,31,1,0,0
3,-1,0,0,2,17,1,0,0
3,-1,0,0,3,19,0,0,0
3,-1,0,2,2,8,1,0,0
3,-1,0,1,28,27,0,0,0
0,350,1,0,1,15,1,0,0
3,-1,0,2,2,27,1,0,0
3,-1,0,0,4,9,0,0,0
3,-1,0,0,1,8,1,0,1
3,-1,0,0,2,20,0,0,0
3,-1,0,0,16,25,1,0,0
3,-1,0,1,1,7,0,0,0
3,-1,0,0,2,28,0,0,0
3,-1,0,2,1,8,1,0,1
3,-1,0,1,4,7,1,0,0
3,-1,0,2,6,20,0,0,0
3,-1,0,0,2,7,0,0,0
3,-1,0,0,2,18,0,0,0
3,-1,0,0,4,6,0,0,1
3,-1,0,0,17,18,1,0,0
3,-1,0,0,1,31,0,0,0
3,-1,0,0,2,29,1,0,0
3,-1,0,0,1,2,1,0,0
3,-1,0,0,1,3,0,0,1
3,-1,0,0,3,12,1,0,0
3,-1,0,2,1,11,0,0,0
3,-1,0,2,2,18,1,0,0
3,-1,0,0,3,18,1,0,1
3,-1,0,2,2,4,1,0,0
3,-1,0,0,12,28,0,0,0
3,-1,0,0,1,8,1,0,0
3,-1,0,2,1,5,0,0,0
1,269,2,0,3,20,1,0,0
0,190,1,0,1,20,1,0,0
3,-1,0,0,1,17,1,0,0
3,-1,0,0,3,12,1,0,0
3,-1,0,0,1,23,0,0,0
3,-1,0,0,3,7,1,0,0
3,-1,0,0,1,18,1,0,0
3,-1,0,0,1,4,1,0,0
3,-1,0,2,2,8,1,0,0
3,-1,0,1,4,30,0,0,0
0,269,2,0,1,17,1,0,0
3,-1,0,2,2,20,1,0,0
3,-1,0,0,4,6,0,0,0
3,-1,0,0,1,16,0,0,0
3,-1,0,2,2,5,1,0,0
3,-1,0,2,1,8,1,0,0
3,-1,0,0,2,13,1,0,1
3,-1,0,2,1,13,1,0,0
3,-1,0,2,1,17,0,0,0
3,-1,0,0,1,2,1,0,0
3,-1,0,0,1,5,1,0,0
3,-1,0,0,2,9,1,0,0
3,-1,0,2,2,13,1,0,0
3,-1,0,2,1,27,1,0,0
1,362,2,0,2,5,1,0,0
3,-1,0,0,10,30,0,0,0
3,-1,0,2,1,7,1,0,0
3,-1,0,2,1,26,1,0,0
3,-1,0,2,2,5,0,0,0
3,-1,0,0,2,31,1,0,0
3,-1,0,0,3,16,0,0,1
3,-1,0,0,15,29,1,0,0
3,-1,0,0,4,30,1,0,0
3,-1,0,2,1,26,0,0,0
3,-1,0,0,1,1,0,0,0
2,367,2,0,1,18,1,0,0
3,-1,0,2,1,9,0,0,0
3,-1,0,2,1,6,0,0,0
3,-1,0,0,2,8,0,0,0
2,184,1,0,2,21,0,0,1
3,-1,0,2,2,6,1,0,0
3,-1,0,0,2,11,1,0,1
3,-1,0,2,4,16,1,0,0
3,-1,0,0,1,21,1,0,0
0,332,4,0,1,20,0,0,0
0,192,4,0,2,6,1,0,0
3,-1,0,2,1,9,0,0,0
0,148,1,0,1,14,0,0,1
0,272,1,0,1,4,0,0,0
2,184,6,0,1,22,0,0,1
3,-1,0,2,10,28,1,0,0
2,93,1,0,1,13,0,0,1
3,-1,0,2,1,1,0,0,0
3,-1,0,2,1,13,1,0,0
3,-1,0,0,1,2,0,0,0
3,-1,0,0,2,23,0,0,0
3,-1,0,0,2,6,0,0,0
3,-1,0,0,2,25,0,0,0
1,2,1,0,2,30,0,0,0
3,-1,0,0,1,11,1,0,0
3,-1,0,0,1,16,1,0,0
3,-1,0,2,6,17,1,0,0
3,-1,0,0,1,19,1,0,0
3,-1,0,2,2,17,0,0,0
3,-1,0,0,8,23,1,0,0
3,-1,0,2,1,12,1,0,0
0,314,2,0,1,1,1,0,0
3,-1,0,0,1,17,1,0,0
2,86,5,0,1,30,1,0,1
3,-1,0,2,1,19,1,0,0
3,-1,0,0,3,14,0,0,0
3,-1,0,0,3,14,1,0,0
0,358,2,0,3,7,1,0,0
3,-1,0,2,1,12,0,0,0
1,177,1,0,3,14,1,0,0
3,-1,0,2,2,23,1,0,1
3,-1,0,0,8,26,0,0,0
3,-1,0,0,1,18,0,0,0
0,281,1,0,1,16,1,0,0
3,-1,0,0,2,8,0,0,0
3,-1,0,1,2,31,0,0,0
3,-1,0,2,1,15,1,0,0
1,701,6,2,1,22,1,0,0
3,-1,0,0,4,31,1,0,0
3,-1,0,0,4,18,0,0,0
3,-1,0,0,2,13,0,0,0
3,-1,0,0,2,30,0,0,0
0,104,1,0,1,17,1,0,0
3,-1,0,0,1,18,1,0,0
3,-1,0,0,2,7,1,0,0
1,362,3,0,5,13,1,0,0
3,-1,0,0,2,18,0,0,0
3,-1,0,0,6,31,0,0,0
3,-1,0,2,2,11,0,0,0
0,298,1,0,2,15,1,0,0
3,-1,0,0,2,8,0,0,0
3,-1,0,0,3,30,0,0,0
3,-1,0,0,1,21,1,0,1
3,-1,0,2,2,4,1,0,0
3,-1,0,0,1,2,0,0,0
3,-1,0,0,1,21,0,0,1
3,-1,0,0,1,8,0,0,0
3,-1,0,0,1,7,0,0,0
0,164,2,0,2,19,0,0,1
2,91,5,0,1,11,1,0,1
1,431,5,0,4,30,1,0,0
0,253,3,0,1,5,0,0,0
3,-1,0,0,1,21,0,0,1
3,-1,0,2,3,18,1,0,0
2,337,1,0,2,30,0,0,1
3,-1,0,0,1,24,0,0,1
3,-1,0,0,2,30,0,0,1
3,-1,0,0,2,5,1,0,0
3,-1,0,2,2,6,1,0,0
3,-1,0,2,2,2,1,0,0
1,265,3,0,2,4,1,0,0
3,-1,0,2,1,12,0,0,0
3,-1,0,0,1,18,1,0,0
3,-1,0,0,5,13,1,0,0
3,-1,0,0,2,31,1,0,0
3,-1,0,2,2,6,1,0,0
3,-1,0,2,2,5,0,0,0
3,-1,0,2,1,17,0,0,0
3,-1,0,0,3,30,1,0,0
3,-1,0,0,4,21,1,0,0
1,343,2,0,2,11,1,0,0
3,-1,0,1,1,27,1,0,1
3,-1,0,2,4,16,1,0,1
3,-1,0,2,6,4,0,0,0
3,-1,0,0,2,28,0,0,0
3,-1,0,0,13,30,0,0,0
3,-1,0,1,1,5,0,0,1
3,-1,0,2,6,28,1,0,0
3,-1,0,0,2,24,1,0,0
3,-1,0,2,2,4,1,0,0
3,-1,0,1,3,18,0,0,1
1,182,2,0,1,13,0,0,1
3,-1,0,0,2,17,1,0,0
3,-1,0,0,1,6,1,0,0
2,85,4,0,4,9,0,0,1
3,-1,0,2,2,6,0,0,0
3,-1,0,0,2,20,0,0,0
3,-1,0,2,1,30,1,0,1
0,327,1,0,1,13,0,0,0
1,103,2,2,1,17,1,0,0
3,-1,0,0,2,8,1,0,0
3,-1,0,0,2,17,0,0,0
3,-1,0,0,5,25,1,0,0
3,-1,0,0,6,18,1,0,0
3,-1,0,2,7,20,0,0,0
3,-1,0,2,2,14,1,0,0
3,-1,0,0,1,12,1,0,1
3,-1,0,0,5,22,0,0,1
0,370,2,0,2,11,1,0,0
3,-1,0,0,3,19,1,0,0
3,-1,0,0,1,18,1,0,0
3,-1,0,2,2,28,1,0,0
0,261,6,0,1,29,1,0,0
1,2,1,0,1,30,1,0,0
0,339,1,0,2,17,1,0,0
1,127,4,1,1,19,1,0,0
3,-1,0,2,1,9,1,0,0
3,-1,0,2,2,26,1,0,0
3,-1,0,2,2,19,0,0,0
3,-1,0,0,2,2,0,0,1
3,-1,0,0,1,9,1,0,0
3,-1,0,2,1,23,1,0,0
3,-1,0,0,1,16,1,0,1
3,-1,0,2,2,14,1,0,0
3,-1,0,2,1,3,0,0,0
3,-1,0,0,3,21,1,0,0
3,-1,0,1,1,19,1,0,0
3,-1,0,0,1,15,0,0,1
3,-1,0,1,1,21,0,0,0
3,-1,0,2,1,27,1,0,0
1,337,9,0,2,17,1,0,0
3,-1,0,0,2,6,1,0,0
3,-1,0,2,1,5,1,0,0
3,-1,0,2,1,21,1,0,0
3,-1,0,0,4,17,1,0,0
3,-1,0,0,3,21,0,0,0
0,245,1,0,1,29,1,0,0
3,-1,0,2,5,20,1,0,0
3,-1,0,2,3,20,1,0,0
0,360,2,0,1,8,1,0,0
3,-1,0,0,1,8,1,0,0
3,-1,0,0,2,11,0,0,0
3,-1,0,0,6,20,0,0,0
3,-1,0,1,2,14,1,0,1
3,-1,0,2,4,14,1,0,0
3,-1,0,0,17,17,0,0,0
3,-1,0,0,2,11,0,0,0
3,-1,0,2,1,23,1,0,1
3,-1,0,2,1,21,1,0,0
3,-1,0,2,1,26,1,0,0
3,-1,0,2,2,9,1,0,0
3,-1,0,0,2,18,1,0,0
3,-1,0,0,2,11,0,0,0
3,-1,0,2,6,17,0,0,0
3,-1,0,0,4,7,0,0,0
3,-1,0,0,2,2,0,0,0
3,-1,0,0,2,19,0,0,0
3,-1,0,2,1,6,1,0,0
0,252,1,0,1,5,1,0,0
3,-1,0,0,4,26,0,0,0
3,-1,0,2,1,7,0,0,0
3,-1,0,1,3,28,1,0,0
3,-1,0,0,1,18,1,0,0
3,-1,0,2,2,5,0,0,0
0,181,3,0,1,20,0,0,1
3,-1,0,0,1,13,1,0,0
3,-1,0,0,18,31,1,0,0
3,-1,0,2,1,9,0,0,0
3,-1,0,0,1,13,1,0,0
3,-1,0,1,1,25,0,0,0
3,-1,0,2,2,28,1,0,0
3,-1,0,2,10,11,0,0,0
3,-1,0,2,1,6,1,0,0
3,-1,0,2,2,18,0,0,0
3,-1,0,0,2,17,1,0,0
3,-1,0,0,1,18,1,0,0
3,-1,0,0,2,21,0,0,0
3,-1,0,0,1,8,1,0,0
3,-1,0,2,2,21,1,0,0
3,-1,0,0,1,27,0,0,1
0,264,2,0,2,20,1,0,0
3,-1,0,0,2,2,0,0,0
3,-1,0,2,1,20,1,0,0
3,-1,0,0,1,1,1,0,0
3,-1,0,0,5,21,0,0,0
3,-1,0,0,2,31,1,0,0
3,-1,0,2,2,27,1,0,0
3,-1,0,0,3,30,1,0,0
3,-1,0,0,9,26,0,0,0
3,-1,0,2,3,5,0,0,0
3,-1,0,0,2,19,1,0,0
3,-1,0,2,1,3,1,0,0
3,-1,0,0,2,29,1,0,0
0,342,2,0,2,5,1,0,0
3,-1,0,2,1,19,1,0,0
3,-1,0,2,2,27,1,0,0
1,2,1,0,2,30,0,0,0
3,-1,0,0,4,31,0,0,0
3,-1,0,2,2,15,1,0,0
3,-1,0,0,1,19,0,0,1
3,-1,0,2,3,8,0,0,0
3,-1,0,0,1,19,0,0,0
0,127,3,0,3,21,1,0,0
3,-1,0,2,1,28,1,0,0
3,-1,0,0,2,10,0,0,1
3,-1,0,0,2,8,1,0,0
0,127,2,1,1,21,1,0,0
3,-1,0,1,1,15,1,0,1
3,-1,0,0,3,20,1,0,0
0,78,2,0,3,2,1,0,0
3,-1,0,0,2,11,1,0,0
1,150,9,1,1,20,1,0,0
3,-1,0,0,3,21,1,0,0
3,-1,0,2,3,23,1,0,0
3,-1,0,0,4,18,0,0,1
3,-1,0,0,1,14,0,0,1
3,-1,0,2,1,27,0,0,0
3,-1,0,0,5,15,1,0,0
3,-1,0,2,3,7,1,0,0
3,-1,0,2,7,16,1,0,0
3,-1,0,2,2,19,1,0,0
1,359,8,0,3,8,1,0,0
3,-1,0,1,1,3,0,0,0
0,389,3,0,1,25,1,0,1
3,-1,0,2,1,18,0,0,0
3,-1,0,0,1,28,1,0,0
0,296,3,0,4,15,1,0,0
0,146,1,0,1,19,0,0,0
2,535,2,1,2,16,0,0,0
3,-1,0,2,1,7,1,0,1
1,186,7,0,3,17,0,0,0
1,187,5,0,4,3,0,0,0
3,-1,0,1,2,4,0,0,1
3,-1,0,0,6,11,0,0,0
3,-1,0,2,1,8,1,0,0
3,-1,0,1,9,29,1,0,0
0,278,4,0,8,12,1,0,0
3,-1,0,2,15,16,1,0,0
3,-1,0,2,3,4,1,0,0
3,-1,0,2,1,6,1,0,0
3,-1,0,0,1,18,0,0,0
3,-1,0,0,2,13,1,0,0
3,-1,0,0,1,17,0,0,0
3,-1,0,0,1,5,1,0,0
3,-1,0,0,1,28,0,0,0
3,-1,0,2,4,2,0,0,0
3,-1,0,2,1,9,1,0,0
3,-1,0,2,10,21,1,0,0
2,370,2,1,2,13,1,0,0
3,-1,0,2,1,3,1,0,0
3,-1,0,2,1,24,1,0,1
0,245,1,0,1,28,1,0,0
3,-1,0,2,1,7,1,0,0
3,-1,0,0,2,4,0,0,0
3,-1,0,0,1,5,0,0,0
1,153,1,0,2,19,1,0,0
3,-1,0,0,4,20,1,0,0
0,188,1,0,2,8,1,0,0
3,-1,0,2,2,18,1,0,0
3,-1,0,2,4,20,1,0,0
2,84,3,0,1,22,0,0,1
3,-1,0,0,1,7,1,0,0
0,356,1,0,1,7,1,0,0
3,-1,0,2,2,26,0,0,0
3,-1,0,2,1,29,1,0,0
0,327,1,0,2,13,1,0,0
3,-1,0,0,2,18,1,0,0
1,212,2,0,1,5,0,0,0
3,-1,0,1,6,12,1,0,0
3,-1,0,2,1,29,1,0,0
3,-1,0,0,4,20,0,0,0
2,181,2,0,1,10,0,0,1
3,-1,0,0,3,14,1,0,0
3,-1,0,2,4,3,1,0,0
3,-1,0,2,3,26,1,0,0
1,373,1,0,6,14,1,0,0
3,-1,0,1,7,29,0,0,0
3,-1,0,0,1,29,0,0,0
3,-1,0,0,2,7,1,0,0
3,-1,0,0,1,2,0,0,0
3,-1,0,2,5,21,1,0,0
3,-1,0,0,3,17,0,0,0
3,-1,0,0,1,14,0,0,0
3,-1,0,0,3,5,0,0,0
3,-1,0,2,2,2,1,0,0
3,-1,0,2,1,3,1,0,0
3,-1,0,2,1,20,0,0,0
3,-1,0,0,6,30,1,0,0
3,-1,0,0,1,25,0,0,1
3,-1,0,2,2,13,1,0,0
3,-1,0,0,2,27,1,0,0
3,-1,0,0,2,17,0,0,0
3,-1,0,2,2,12,1,0,0
0,96,3,0,1,2,0,0,0
3,-1,0,2,3,19,1,0,1
3,-1,0,2,10,3,1,0,0
3,-1,0,0,1,19,0,0,0
1,93,4,0,5,30,0,0,1
0,367,2,0,2,7,0,0,0
3,-1,0,2,2,21,0,0,0
3,-1,0,2,1,6,0,0,0
3,-1,0,2,2,19,0,0,0
3,-1,0,2,3,6,1,0,0
3,-1,0,0,2,11,1,0,0
3,-1,0,0,4,19,0,0,0
3,-1,0,2,7,28,1,0,0
3,-1,0,0,2,11,1,0,0
3,-1,0,0,4,7,1,0,0
3,-1,0,0,2,6,0,0,0
3,-1,0,1,1,26,0,0,0
3,-1,0,2,2,12,0,0,0
3,-1,0,0,4,13,0,0,0
3,-1,0,0,2,29,0,0,0
3,-1,0,2,4,12,1,0,0
3,-1,0,2,1,6,1,0,0
3,-1,0,0,2,26,0,0,0
3,-1,0,0,2,15,1,0,0
3,-1,0,0,3,31,0,0,0
0,256,9,0,3,5,0,0,0
3,-1,0,0,2,18,0,0,0
3,-1,0,0,3,18,1,0,0
3,-1,0,2,1,27,0,0,0
3,-1,0,2,3,7,1,0,0
3,-1,0,2,1,27,1,0,0
3,-1,0,2,1,9,0,0,0
3,-1,0,0,2,22,0,0,0
3,-1,0,2,3,20,0,0,0
3,-1,0,0,1,20,0,0,0
3,-1,0,0,1,8,1,0,0
3,-1,0,2,2,20,0,0,0
3,-1,0,0,3,30,0,0,0
3,-1,0,2,1,14,1,0,1
3,-1,0,0,2,22,0,0,0
3,-1,0,2,5,29,1,0,0
1,97,5,0,1,8,1,0,0
3,-1,0,2,4,20,0,0,0
3,-1,0,2,8,14,1,0,0
3,-1,0,2,1,24,1,0,0
0,317,4,0,1,16,1,0,0
3,-1,0,0,2,2,1,0,0
1,281,1,0,1,17,1,0,0
3,-1,0,0,2,25,0,0,0
3,-1,0,2,5,28,1,0,0
3,-1,0,0,4,18,1,0,0
3,-1,0,2,1,8,1,0,0
3,-1,0,2,1,9,0,0,1
3,-1,0,2,1,30,1,0,0
0,281,2,0,1,6,1,0,0
3,-1,0,2,2,5,1,0,0
3,-1,0,0,3,30,1,0,0
3,-1,0,0,4,14,1,0,0
3,-1,0,0,10,6,0,0,0
3,-1,0,0,2,28,0,0,0
3,-1,0,0,2,13,0,0,0
3,-1,0,2,2,12,1,0,0
3,-1,0,0,2,17,1,0,0
3,-1,0,0,2,22,0,0,0
3,-1,0,0,1,16,1,0,0
3,-1,0,2,2,30,0,0,0
3,-1,0,0,2,11,1,0,0
3,-1,0,1,15,27,0,0,0
3,-1,0,0,1,5,0,0,1
3,-1,0,0,2,29,0,0,0
3,-1,0,0,2,12,0,0,0
3,-1,0,0,2,8,0,0,0
2,174,1,0,1,13,1,0,0
3,-1,0,0,2,17,0,0,0
0,89,1,0,1,23,1,0,0
3,-1,0,2,2,9,1,0,1
3,-1,0,0,1,10,1,0,0
3,-1,0,2,3,6,1,0,0
3,-1,0,2,2,20,1,0,0
3,-1,0,2,1,19,0,0,0
0,197,2,0,3,30,0,0,0
3,-1,0,2,1,19,0,0,0
0,231,1,0,2,3,1,0,0
3,-1,0,0,2,11,1,0,0
3,-1,0,2,2,13,1,0,0
0,92,3,0,1,15,0,0,1
0,280,2,0,2,6,1,0,0
3,-1,0,0,4,26,0,0,0
3,-1,0,2,5,30,1,0,0
3,-1,0,0,3,5,0,0,0
3,-1,0,2,1,5,1,0,0
0,169,3,0,1,5,1,0,0
3,-1,0,2,1,26,1,0,0
3,-1,0,2,3,8,1,0,0
3,-1,0,0,3,17,1,0,0
3,-1,0,0,1,15,1,0,0
2,425,1,0,1,14,0,0,1
3,-1,0,1,4,17,0,0,1
1,112,4,2,7,20,1,0,0
3,-1,0,0,9,25,0,0,0
3,-1,0,0,1,15,0,0,0
3,-1,0,2,2,27,0,0,0
3,-1,0,2,1,3,1,0,0
3,-1,0,0,3,21,0,0,0
3,-1,0,0,1,28,1,0,0
3,-1,0,2,9,16,1,0,0
3,-1,0,0,4,6,1,0,0
3,-1,0,0,4,30,0,0,0
3,-1,0,0,2,24,1,0,0
3,-1,0,1,2,8,0,0,0
3,-1,0,0,2,13,0,0,1
3,-1,0,0,2,20,0,0,0
3,-1,0,0,1,13,1,0,0
3,-1,0,0,4,14,1,0,0
3,-1,0,0,23,31,0,0,0
3,-1,0,2,1,4,1,0,0
3,-1,0,0,1,3,0,0,0
3,-1,0,2,1,27,1,0,0
0,24,1,0,1,26,1,0,0
0,236,2,0,1,3,1,0,0
3,-1,0,2,2,8,1,0,0
3,-1,0,0,2,22,0,0,0
3,-1,0,0,4,24,1,0,0
3,-1,0,0,2,11,1,0,0
3,-1,0,1,2,30,0,0,0
3,-1,0,2,1,20,1,0,0
3,-1,0,2,4,8,1,0,0
3,-1,0,2,2,11,0,0,0
3,-1,0,0,1,20,1,0,0
3,-1,0,0,1,21,0,0,0
3,-1,0,2,5,4,1,0,0
3,-1,0,2,8,20,1,0,0
3,-1,0,2,1,30,1,0,0
3,-1,0,2,1,1,0,0,0
3,-1,0,0,1,21,0,0,1
3,-1,0,0,4,22,0,0,0
3,-1,0,2,4,20,1,0,0
3,-1,0,0,2,2,0,0,0
2,74,3,0,7,18,1,0,0
3,-1,0,0,2,19,0,0,0
3,-1,0,2,1,7,1,0,0
3,-1,0,0,1,15,0,0,0
3,-1,0,0,3,9,0,0,1
3,-1,0,0,2,14,0,0,0
3,-1,0,2,1,15,0,0,0
3,-1,0,1,2,29,0,0,0
3,-1,0,2,2,20,1,0,0
3,-1,0,0,10,31,0,0,0
3,-1,0,2,1,15,0,0,0
3,-1,0,0,1,11,1,0,0
0,342,1,0,1,6,1,0,0
3,-1,0,0,1,8,0,0,1
3,-1,0,0,3,21,0,0,0
3,-1,0,0,1,10,0,0,0
3,-1,0,2,1,23,0,0,0
3,-1,0,0,1,17,0,0,1
3,-1,0,2,1,15,1,0,0
1,480,4,0,1,16,0,0,0
3,-1,0,0,3,21,0,0,0
3,-1,0,0,3,7,1,0,0
3,-1,0,0,1,2,0,0,0
3,-1,0,0,1,16,0,0,1
2,67,2,0,1,13,1,0,0
3,-1,0,2,2,3,1,0,0
0,91,1,0,1,20,1,0,0
3,-1,0,0,4,9,1,0,0
3,-1,0,2,1,8,1,0,0
0,280,6,0,1,6,1,0,0
3,-1,0,0,2,12,1,0,0
0,260,6,0,1,13,1,0,0
0,363,22,0,1,13,0,0,0
0,179,10,0,6,18,1,0,0
3,-1,0,0,2,29,0,0,0
3,-1,0,0,9,27,0,0,0
3,-1,0,0,6,27,0,0,0
3,-1,0,0,10,21,0,0,0
0,135,2,0,2,1,1,0,0
3,-1,0,0,6,12,1,0,0
3,-1,0,0,2,8,0,0,0
3,-1,0,0,1,17,1,0,0
3,-1,0,0,1,21,0,0,0
0,130,1,0,1,22,0,0,0
3,-1,0,0,3,29,1,0,0
3,-1,0,0,4,6,1,0,0
3,-1,0,0,19,7,1,0,0
3,-1,0,0,1,11,1,0,0
2,84,14,0,6,16,0,0,0
3,-1,0,2,1,8,1,0,0
3,-1,0,0,1,12,1,0,1
3,-1,0,1,1,3,1,0,0
3,-1,0,2,2,23,0,0,0
3,-1,0,0,3,14,0,0,0
3,-1,0,0,3,17,1,0,0
3,-1,0,2,3,18,0,0,0
3,-1,0,0,2,6,0,0,0
1,185,5,0,9,23,0,0,1
3,-1,0,0,1,28,0,0,0
3,-1,0,0,4,3,0,0,0
3,-1,0,0,2,20,1,0,0
3,-1,0,0,3,6,1,0,0
3,-1,0,0,2,6,1,0,0
3,-1,0,2,1,13,1,0,0
3,-1,0,0,4,18,0,0,0
3,-1,0,2,3,7,1,0,0
3,-1,0,0,3,16,0,0,0
1,238,3,0,1,27,0,0,1
3,-1,0,2,4,3,1,0,0
3,-1,0,1,3,21,0,0,0
3,-1,0,0,2,1,0,0,0
3,-1,0,0,5,28,1,0,0
3,-1,0,0,2,8,0,0,0
3,-1,0,0,1,2,1,0,1
3,-1,0,0,3,29,1,0,0
3,-1,0,0,3,7,1,0,0
3,-1,0,2,1,11,0,0,0
3,-1,0,0,2,8,0,0,0
3,-1,0,0,1,4,0,0,0
3,-1,0,0,2,24,0,0,1
3,-1,0,2,2,7,0,0,0
1,167,3,0,2,19,0,0,0
3,-1,0,0,2,26,0,0,0
3,-1,0,1,1,15,0,0,0
3,-1,0,0,2,29,0,0,1
3,-1,0,0,8,27,0,0,0
3,-1,0,0,1,17,1,0,0
3,-1,0,0,3,17,1,0,0
0,119,4,0,2,19,0,0,0
0,223,5,0,1,29,1,0,0
1,124,9,0,1,16,0,0,1
3,-1,0,0,3,4,0,0,0
3,-1,0,0,2,15,1,0,0
3,-1,0,2,1,5,1,0,0
3,-1,0,2,3,30,1,0,0
3,-1,0,2,1,19,0,0,0
3,-1,0,2,2,27,1,0,0
3,-1,0,0,3,30,1,0,0
3,-1,0,2,5,13,1,0,0
3,-1,0,0,3,30,0,0,1
3,-1,0,0,2,20,1,0,0
0,247,1,0,1,29,1,0,0
3,-1,0,0,1,1,1,0,0
3,-1,0,2,2,16,1,0,0
3,-1,0,0,2,21,0,0,1
3,-1,0,2,1,8,0,0,0
3,-1,0,2,5,6,0,0,0
3,-1,0,0,1,17,0,0,0
1,8,1,0,1,5,1,0,0
3,-1,0,2,2,26,1,0,0
3,-1,0,2,5,12,1,0,0
3,-1,0,2,2,9,0,0,0
0,260,3,0,1,6,1,0,0
3,-1,0,0,6,25,0,0,0
3,-1,0,2,2,5,0,0,0
3,-1,0,2,1,29,1,0,0
3,-1,0,0,1,12,1,0,1
3,-1,0,0,3,6,1,0,0
3,-1,0,2,2,8,1,0,0
3,-1,0,2,2,6,0,0,0
3,-1,0,0,1,5,1,0,0
3,-1,0,2,1,26,1,0,0
3,-1,0,2,1,20,1,0,0
3,-1,0,2,1,17,0,0,0
0,346,2,0,1,17,1,0,0
3,-1,0,2,1,26,1,0,0
3,-1,0,2,2,8,1,0,0
3,-1,0,0,1,17,0,0,0
0,289,1,0,2,6,1,0,0
3,-1,0,0,3,12,1,0,0
0,370,1,0,2,13,1,0,0
3,-1,0,2,4,12,1,0,0
3,-1,0,0,1,28,0,0,0
3,-1,0,2,1,11,0,0,0
2,182,1,0,1,12,1,0,0
3,-1,0,2,1,15,1,0,0
3,-1,0,2,1,12,0,0,0
3,-1,0,2,6,3,1,0,0
3,-1,0,2,1,19,1,0,0
3,-1,0,0,2,16,0,0,1
3,-1,0,2,2,9,0,0,0
3,-1,0,2,1,8,1,0,0
3,-1,0,1,7,19,0,0,0
3,-1,0,2,3,26,1,0,0
3,-1,0,2,4,19,0,0,1
3,-1,0,2,2,9,1,0,0
3,-1,0,0,1,18,0,0,0
3,-1,0,0,1,11,1,0,0
3,-1,0,0,1,29,0,0,0
3,-1,0,0,1,6,1,0,0
3,-1,0,2,3,6,1,0,0
3,-1,0,2,1,9,0,0,1
3,-1,0,1,8,25,1,0,0
3,-1,0,2,3,8,1,0,0
3,-1,0,2,1,17,0,0,0
3,-1,0,2,2,23,1,0,1
3,-1,0,2,3,18,0,0,0
3,-1,0,0,1,5,1,0,0
3,-1,0,0,1,21,0,0,0
3,-1,0,2,2,27,1,0,0
3,-1,0,0,2,28,1,0,0
3,-1,0,2,1,15,1,0,0
3,-1,0,0,3,15,1,0,0
3,-1,0,2,2,19,1,0,0
0,175,1,0,2,12,1,0,0
3,-1,0,2,2,17,0,0,0
3,-1,0,2,2,8,1,0,0
0,312,3,0,1,15,0,0,1
3,-1,0,0,10,31,1,0,0
3,-1,0,2,1,14,1,0,0
3,-1,0,0,2,26,1,0,1
3,-1,0,1,2,31,0,0,0
3,-1,0,0,1,12,0,0,0
3,-1,0,1,1,12,0,0,1
3,-1,0,0,1,7,1,0,0
0,280,5,0,4,18,0,0,0
3,-1,0,2,1,23,1,0,0
1,293,1,0,2,7,1,0,0
3,-1,0,2,3,26,1,0,0
3,-1,0,0,1,5,0,0,1
0,359,2,0,4,15,1,0,0
3,-1,0,0,1,9,1,0,0
0,360,1,0,2,14,0,0,1
3,-1,0,0,1,16,1,0,0
0,366,1,1,1,7,1,0,0
0,332,3,0,1,20,1,0,0
3,-1,0,2,1,13,0,0,1
3,-1,0,0,1,13,0,0,1
3,-1,0,0,3,20,0,0,0
3,-1,0,0,3,18,1,0,0
3,-1,0,2,2,6,1,0,0
3,-1,0,2,1,2,1,0,0
3,-1,0,1,1,20,1,0,0
3,-1,0,0,2,1,0,0,0
3,-1,0,0,1,2,0,0,0
3,-1,0,0,5,4,0,0,0
3,-1,0,0,2,17,0,0,1
3,-1,0,0,4,15,0,0,1
3,-1,0,0,1,2,0,0,0
3,-1,0,0,1,30,1,0,0
2,97,1,0,2,8,0,0,1
3,-1,0,0,1,2,1,0,0
3,-1,0,0,8,24,1,0,1
3,-1,0,1,3,14,1,0,0
3,-1,0,0,2,8,0,0,1
3,-1,0,2,1,13,1,0,0
3,-1,0,2,2,21,0,0,0
3,-1,0,0,1,12,1,0,1
0,172,3,1,3,21,1,0,0
3,-1,0,0,10,28,0,0,0
3,-1,0,0,1,14,1,0,0
3,-1,0,2,3,18,0,0,0
3,-1,0,0,7,18,1,0,0
3,-1,0,0,2,11,0,0,0
0,191,4,0,4,21,1,0,0
2,85,1,1,2,2,0,0,1
3,-1,0,0,3,4,0,0,0
3,-1,0,0,2,6,1,0,0
3,-1,0,0,7,29,0,0,0
3,-1,0,0,6,10,0,0,1
3,-1,0,2,3,27,1,0,0
3,-1,0,0,2,11,0,0,0
3,-1,0,2,5,20,1,0,0
3,-1,0,0,5,15,0,0,1
3,-1,0,2,1,29,1,0,0
3,-1,0,1,6,25,0,0,0
0,231,1,0,2,17,0,0,1
3,-1,0,1,6,29,0,0,0
3,-1,0,0,1,10,1,0,0
3,-1,0,2,1,6,1,0,1
3,-1,0,0,2,21,0,0,0
3,-1,0,0,1,8,0,0,0
3,-1,0,0,1,1,0,0,1
0,31,1,0,1,21,1,0,0
3,-1,0,2,1,6,1,0,0
3,-1,0,0,2,20,0,0,1
0,365,3,0,1,8,1,0,0
3,-1,0,0,3,7,1,0,0
3,-1,0,1,3,20,0,0,0
3,-1,0,0,4,22,0,0,0
3,-1,0,2,1,16,1,0,0
0,259,2,0,1,29,1,0,0
3,-1,0,0,4,25,1,0,0
3,-1,0,0,4,19,0,0,0
3,-1,0,2,1,9,0,0,0
0,323,30,0,3,7,1,0,1
3,-1,0,2,3,16,0,0,0
0,147,1,0,1,16,1,0,0
3,-1,0,0,1,10,0,0,0
3,-1,0,0,1,4,0,0,0
3,-1,0,0,8,14,1,0,0
3,-1,0,2,3,21,1,0,0
0,167,2,0,2,4,1,0,0
3,-1,0,0,1,21,0,0,0
3,-1,0,0,1,12,0,0,0
3,-1,0,0,1,19,1,0,0
3,-1,0,0,3,15,0,0,0
3,-1,0,2,1,19,0,0,0
1,268,9,0,8,6,1,0,0
3,-1,0,0,4,31,0,0,0
0,173,6,0,2,13,1,0,0
3,-1,0,2,1,29,1,0,0
3,-1,0,0,1,18,1,0,0
3,-1,0,2,2,4,1,0,0
3,-1,0,0,5,24,1,0,0
3,-1,0,2,11,13,1,0,0
3,-1,0,2,10,9,1,0,1
1,292,2,0,4,20,0,0,0
3,-1,0,0,1,18,0,0,0
3,-1,0,2,3,20,1,0,0
3,-1,0,0,1,5,1,0,0
3,-1,0,0,19,15,0,0,0
3,-1,0,0,1,21,0,0,0
0,301,2,0,1,11,1,0,0
3,-1,0,0,2,16,1,0,0
3,-1,0,0,1,20,0,0,1
3,-1,0,0,4,27,0,0,0
3,-1,0,0,2,19,1,0,0
3,-1,0,2,2,13,1,0,0
0,371,3,1,3,13,1,0,0
3,-1,0,0,1,18,1,0,0
3,-1,0,0,3,11,1,0,0
3,-1,0,2,3,16,0,0,0
3,-1,0,0,2,22,0,0,1
3,-1,0,0,10,18,0,0,0
3,-1,0,2,3,6,0,0,0
3,-1,0,0,2,25,0,0,0
3,-1,0,0,2,16,1,0,0
3,-1,0,0,1,5,1,0,0
0,336,1,0,1,16,1,0,0
3,-1,0,1,1,3,0,0,0
0,99,7,0,1,11,1,0,0
3,-1,0,2,2,15,1,0,0
3,-1,0,0,5,7,0,0,1
3,-1,0,0,1,17,1,0,0
3,-1,0,2,3,19,0,0,0
3,-1,0,2,1,15,0,0,0
3,-1,0,0,1,22,0,0,1
1,367,6,0,1,18,1,0,0
3,-1,0,0,3,20,0,0,0
3,-1,0,2,1,5,0,0,0
3,-1,0,0,2,21,1,0,0
3,-1,0,2,12,30,1,0,1
3,-1,0,2,1,9,1,0,0
3,-1,0,0,1,31,0,0,0
3,-1,0,2,3,13,1,0,0
3,-1,0,1,1,9,0,0,0
3,-1,0,0,4,14,0,0,1
3,-1,0,1,5,9,0,0,0
3,-1,0,0,3,29,0,0,0
3,-1,0,0,1,8,1,0,0
1,2,2,0,1,30,1,0,0
3,-1,0,0,1,23,0,0,0
1,251,2,0,1,7,1,0,0
3,-1,0,2,1,1,0,0,0
3,-1,0,0,1,17,1,0,1
3,-1,0,0,1,19,1,0,0
3,-1,0,2,1,16,1,0,0
3,-1,0,0,1,2,1,0,0
3,-1,0,2,2,29,1,0,0
3,-1,0,0,1,9,0,0,1
3,-1,0,0,2,12,1,0,0
3,-1,0,2,1,19,1,0,0
3,-1,0,0,2,25,0,0,0
3,-1,0,0,2,20,0,0,0
3,-1,0,0,4,17,0,0,0
3,-1,0,2,4,18,1,0,0
3,-1,0,0,3,7,0,0,0
3,-1,0,2,1,16,1,0,1
3,-1,0,2,28,19,1,0,0
3,-1,0,0,1,17,0,0,0
3,-1,0,2,2,5,1,0,0
3,-1,0,0,2,14,0,0,0
3,-1,0,2,1,11,1,0,0
3,-1,0,2,2,6,0,0,0
0,365,1,0,1,14,1,0,0
3,-1,0,0,18,11,0,0,0
3,-1,0,2,2,3,0,0,0
3,-1,0,0,1,1,0,0,0
3,-1,0,0,2,21,0,0,0
3,-1,0,2,1,15,1,0,0
3,-1,0,0,6,3,0,0,0
3,-1,0,0,3,18,1,0,0
3,-1,0,0,1,19,0,0,0
3,-1,0,0,3,30,0,0,0
3,-1,0,0,2,14,0,0,0
3,-1,0,0,3,13,1,0,0
3,-1,0,0,4,31,0,0,0
3,-1,0,0,3,12,0,0,0
0,442,4,0,4,26,0,0,1
3,-1,0,2,1,6,0,0,0
0,99,2,0,1,27,0,0,0
3,-1,0,0,1,30,0,0,0
3,-1,0,0,4,31,0,0,0
3,-1,0,0,1,7,1,0,0
3,-1,0,2,3,7,1,0,0
3,-1,0,1,17,21,0,0,1
3,-1,0,2,1,8,1,0,0
3,-1,0,2,4,21,0,0,0
3,-1,0,2,3,23,1,0,0
3,-1,0,0,1,9,0,0,0
3,-1,0,0,2,18,0,0,0
3,-1,0,2,1,5,0,0,0
3,-1,0,0,14,31,1,0,0
0,251,1,0,1,4,1,0,0
1,152,11,0,4,18,1,0,0
3,-1,0,0,5,13,1,0,0
0,336,1,0,1,6,1,0,0
3,-1,0,2,1,13,1,0,0
3,-1,0,0,2,25,1,0,0
3,-1,0,0,1,17,1,0,0
3,-1,0,0,3,5,0,0,0
3,-1,0,2,3,21,1,0,0
3,-1,0,0,1,17,0,0,0
3,-1,0,0,2,13,0,0,0
3,-1,0,0,3,10,0,0,0
3,-1,0,0,1,29,0,0,0
3,-1,0,0,1,14,0,0,0
3,-1,0,0,2,19,0,0,0
0,205,2,0,4,4,1,0,0
3,-1,0,2,1,27,1,0,0
3,-1,0,2,3,16,1,0,0
0,302,4,0,1,8,1,0,0
3,-1,0,2,1,5,1,0,0
3,-1,0,0,1,20,1,0,0
3,-1,0,0,2,26,1,0,0
3,-1,0,2,1,9,1,0,0
3,-1,0,1,6,29,0,0,0
3,-1,0,2,1,27,0,0,0
3,-1,0,0,8,25,1,0,0
3,-1,0,0,2,19,0,0,0
0,295,1,0,3,6,0,0,0
3,-1,0,0,2,12,0,0,0
3,-1,0,2,3,27,1,0,0
3,-1,0,1,2,7,1,0,0
3,-1,0,0,10,25,0,0,0
3,-1,0,2,1,9,1,0,0
3,-1,0,2,1,29,1,0,1
3,-1,0,0,1,18,0,0,0
3,-1,0,2,1,19,0,0,0
1,126,4,0,3,18,1,0,0
3,-1,0,2,1,14,1,0,0
3,-1,0,2,3,7,1,0,0
3,-1,0,2,1,19,1,0,0
3,-1,0,0,2,18,0,0,0
3,-1,0,0,2,12,0,0,0
3,-1,0,0,11,27,0,0,0
3,-1,0,2,5,21,1,0,0
3,-1,0,0,2,30,1,0,0
3,-1,0,0,2,4,0,0,0
3,-1,0,2,1,13,0,0,0
3,-1,0,2,2,9,0,0,0
0,150,7,0,3,17,1,0,0
3,-1,0,0,5,26,0,0,0
1,253,1,0,5,5,1,0,0
3,-1,0,0,2,24,1,0,0
3,-1,0,0,4,31,0,0,0
3,-1,0,0,1,5,1,0,0
3,-1,0,2,11,19,1,0,0
3,-1,0,0,2,17,1,0,0
3,-1,0,0,1,8,0,0,0
3,-1,0,0,2,29,0,0,0
0,274,1,0,1,4,1,0,0
3,-1,0,0,1,12,0,0,1
3,-1,0,0,2,11,0,0,0
3,-1,0,0,5,7,0,0,0
0,181,4,0,5,28,0,0,1
3,-1,0,0,1,3,0,0,0
3,-1,0,0,2,14,1,0,1
0,301,1,0,1,13,1,0,0
1,297,1,0,2,14,1,0,0
3,-1,0,0,4,22,0,0,0
3,-1,0,0,1,7,0,0,0
3,-1,0,2,1,9,0,0,0
3,-1,0,0,9,25,0,0,0
3,-1,0,2,1,13,1,0,0
3,-1,0,2,6,4,1,0,0
0,854,2,0,1,17,1,0,1
3,-1,0,0,1,4,0,0,0
3,-1,0,0,3,20,1,0,0
3,-1,0,1,1,26,0,0,1
3,-1,0,0,1,11,0,0,0
3,-1,0,2,2,9,0,0,0
3,-1,0,2,2,21,1,0,0
3,-1,0,0,2,7,0,0,0
3,-1,0,0,2,19,1,0,0
3,-1,0,2,3,20,0,0,0
3,-1,0,2,2,9,0,0,0
3,-1,0,2,3,13,1,0,0
3,-1,0,2,2,23,1,0,0
3,-1,0,1,2,24,0,0,0
3,-1,0,2,1,30,1,0,0
0,359,3,1,1,13,1,0,0
3,-1,0,2,2,6,0,0,0
0,366,1,0,2,15,1,0,0
3,-1,0,1,1,28,0,0,0
3,-1,0,0,3,8,0,0,0
0,177,2,0,1,15,1,0,0
3,-1,0,0,13,31,1,0,0
3,-1,0,0,1,5,0,0,0
3,-1,0,0,8,19,1,0,0
3,-1,0,1,3,6,1,0,0
3,-1,0,0,1,31,1,0,0
3,-1,0,2,2,25,1,0,0
3,-1,0,0,3,21,1,0,0
3,-1,0,0,2,11,0,0,0
1,187,11,0,4,3,1,0,0
3,-1,0,2,5,3,1,0,0
3,-1,0,0,1,18,1,0,0
3,-1,0,0,1,11,1,0,0
3,-1,0,0,1,17,1,0,0
0,317,1,0,1,17,1,0,0
3,-1,0,0,3,7,1,0,0
3,-1,0,0,1,10,1,0,0
3,-1,0,2,2,28,1,0,0
3,-1,0,0,1,13,0,0,1
3,-1,0,2,6,2,1,0,0
3,-1,0,0,2,5,0,0,0
3,-1,0,0,2,17,0,0,0
0,370,2,0,2,11,1,0,0
3,-1,0,0,1,8,0,0,0
3,-1,0,0,5,22,0,0,0
3,-1,0,0,2,4,1,0,0
3,-1,0,0,1,8,0,0,0
0,329,2,0,2,17,1,0,1
3,-1,0,1,7,10,0,0,0
3,-1,0,0,3,27,0,0,0
3,-1,0,0,2,20,0,0,0
3,-1,0,2,1,8,1,0,0
3,-1,0,0,2,19,0,0,0
1,351,9,0,8,12,1,0,0
3,-1,0,0,6,13,0,0,0
3,-1,0,0,3,18,1,0,0
3,-1,0,2,2,8,1,0,0
3,-1,0,0,1,18,1,0,0
3,-1,0,0,1,5,1,0,0
3,-1,0,2,2,20,0,0,0
3,-1,0,2,2,26,1,0,0
3,-1,0,0,2,20,1,0,1
3,-1,0,0,10,28,0,0,0
3,-1,0,0,2,7,0,0,0
2,417,1,2,1,2,1,0,1
3,-1,0,2,2,6,1,0,0
3,-1,0,0,1,18,1,0,0
3,-1,0,2,4,28,1,0,0
3,-1,0,0,2,17,1,0,0
3,-1,0,2,3,21,1,0,0
3,-1,0,0,2,19,0,0,0
1,5,5,0,3,2,0,0,0
0,252,3,0,1,5,1,0,0
3,-1,0,2,1,20,1,0,0
3,-1,0,0,1,18,0,0,0
0,355,1,0,2,18,0,0,0
3,-1,0,2,2,9,1,0,0
3,-1,0,2,1,30,1,0,0
0,245,3,0,1,29,1,0,0
3,-1,0,0,1,7,1,0,0
0,175,3,0,4,5,0,0,0
3,-1,0,2,4,28,1,0,0
1,343,1,0,2,8,1,0,0
3,-1,0,0,2,13,1,0,0
3,-1,0,2,2,8,0,0,0
3,-1,0,2,1,12,1,0,0
3,-1,0,2,3,6,0,0,0
3,-1,0,0,2,6,0,0,1
3,-1,0,0,2,11,1,0,0
3,-1,0,2,6,16,0,0,0
3,-1,0,2,8,2,1,0,0
3,-1,0,0,2,11,0,0,0
3,-1,0,0,1,7,0,0,0
3,-1,0,0,1,14,1,0,1
0,370,1,0,3,12,1,0,0
3,-1,0,0,2,11,1,0,0
3,-1,0,2,1,13,1,0,0
0,262,5,0,2,16,1,0,0
3,-1,0,0,1,10,0,0,0
3,-1,0,0,1,9,0,0,0
0,193,4,0,2,21,1,0,0
3,-1,0,2,12,20,0,0,0
2,184,3,0,1,1,0,0,1
3,-1,0,0,2,18,0,0,0
0,102,5,0,5,21,1,0,0
3,-1,0,2,3,12,1,0,0
3,-1,0,2,1,9,1,0,0
3,-1,0,0,2,14,1,0,0
2,40,5,0,1,6,0,0,1
0,190,5,0,1,2,1,0,1
3,-1,0,0,1,13,1,0,0
3,-1,0,0,1,13,1,0,0
3,-1,0,2,1,6,1,0,0
1,182,1,0,2,29,0,0,0
3,-1,0,2,5,14,1,0,0
3,-1,0,0,1,28,0,0,0
3,-1,0,0,1,2,0,0,0
3,-1,0,0,1,18,1,0,0
3,-1,0,0,2,22,0,0,0
3,-1,0,0,4,28,1,0,0
3,-1,0,0,33,29,0,0,0
3,-1,0,2,3,20,1,0,0
3,-1,0,2,2,20,0,0,0
3,-1,0,2,2,4,1,0,0
3,-1,0,2,4,6,0,0,0
3,-1,0,2,5,20,0,0,0
3,-1,0,2,4,19,1,0,0
3,-1,0,2,1,4,1,0,0
3,-1,0,0,2,25,0,0,0
3,-1,0,0,4,15,1,0,0
3,-1,0,2,1,5,1,0,0
3,-1,0,2,6,26,1,0,0
3,-1,0,0,1,11,0,0,1
0,344,4,0,2,17,1,0,0
1,93,17,0,4,23,1,0,1
3,-1,0,2,2,20,0,0,0
0,188,2,0,5,18,1,0,0
0,124,2,0,2,18,1,0,0
3,-1,0,2,2,15,1,0,0
1,171,1,0,5,7,1,0,0
3,-1,0,0,8,21,0,0,0
3,-1,0,2,2,30,1,0,0
3,-1,0,0,4,13,1,0,0
3,-1,0,0,1,7,0,0,0
0,175,2,0,1,12,1,0,0
1,119,4,0,1,1,0,0,0
3,-1,0,0,3,20,1,0,0
1,196,8,0,2,4,0,0,0
3,-1,0,0,1,7,0,0,1
1,85,4,0,1,25,0,0,0
3,-1,0,0,2,16,1,0,0
3,-1,0,2,1,12,0,0,0
3,-1,0,2,1,30,1,0,1
3,-1,0,0,3,23,1,0,0
0,226,7,0,3,29,0,0,0
3,-1,0,0,10,11,0,0,0
3,-1,0,2,1,16,1,0,0
3,-1,0,0,1,18,1,0,0
3,-1,0,2,1,8,1,0,0
3,-1,0,0,4,19,0,0,0
3,-1,0,2,3,20,1,0,0
3,-1,0,2,2,15,1,0,0
3,-1,0,2,2,13,1,0,0
3,-1,0,2,1,11,1,0,0
3,-1,0,0,2,11,1,0,0
0,196,1,0,2,18,1,0,0
3,-1,0,0,1,3,0,0,0
0,133,3,0,1,1,1,0,0
3,-1,0,0,2,24,0,0,0
0,202,1,0,2,5,1,0,0
3,-1,0,1,2,28,1,0,0
1,117,2,0,5,19,0,0,0
3,-1,0,2,1,3,0,0,0
1,297,1,0,5,18,1,0,0
3,-1,0,2,5,6,0,0,0
3,-1,0,0,2,30,1,0,1
0,118,3,0,2,17,0,0,0
3,-1,0,2,3,5,1,0,0
2,301,1,0,1,13,1,0,1
3,-1,0,0,5,17,1,0,1
3,-1,0,0,2,29,0,0,0
3,-1,0,0,1,24,1,0,0
0,86,3,0,5,21,0,0,0
3,-1,0,2,4,18,0,0,0
3,-1,0,0,5,13,1,0,0
0,199,1,0,2,21,1,0,0
3,-1,0,2,11,14,1,0,0
3,-1,0,0,3,31,0,0,0
3,-1,0,2,1,19,0,0,0
3,-1,0,0,1,28,0,0,1
3,-1,0,2,1,28,1,0,0
3,-1,0,2,10,17,1,0,0
3,-1,0,2,11,3,0,0,0
3,-1,0,0,1,4,0,0,1
3,-1,0,0,2,20,0,0,0
3,-1,0,1,6,24,1,0,0
3,-1,0,0,2,13,0,0,0
3,-1,0,0,1,10,1,0,0
3,-1,0,2,4,9,1,0,0
2,326,2,0,1,8,1,0,0
3,-1,0,0,1,24,0,0,1
3,-1,0,2,5,6,0,0,0
3,-1,0,0,1,18,0,0,0
3,-1,0,2,1,23,1,0,0
3,-1,0,0,1,20,0,0,0
3,-1,0,0,3,14,0,0,0
3,-1,0,0,1,5,0,0,0
3,-1,0,0,2,25,0,0,0
3,-1,0,1,2,8,1,0,0
3,-1,0,2,1,5,1,0,0
3,-1,0,2,2,17,0,0,0
3,-1,0,2,1,5,0,0,0
3,-1,0,0,23,29,1,0,0
3,-1,0,0,4,21,0,0,0
3,-1,0,0,5,11,1,0,0
3,-1,0,2,1,18,0,0,0
0,371,1,0,1,14,1,0,0
3,-1,0,2,3,6,0,0,0
0,265,2,0,3,11,1,0,0
3,-1,0,2,2,9,1,0,0
3,-1,0,2,1,19,1,0,0
1,307,1,0,2,11,1,0,0
3,-1,0,2,1,9,0,0,0
3,-1,0,0,1,17,1,0,0
3,-1,0,0,5,13,0,0,0
3,-1,0,2,1,6,1,0,1
3,-1,0,2,1,17,1,0,0
3,-1,0,2,1,26,1,0,0
2,63,2,0,2,5,0,0,1
3,-1,0,0,1,18,1,0,1
3,-1,0,0,2,7,1,0,0
3,-1,0,0,4,28,0,0,0
3,-1,0,0,2,22,0,0,0
3,-1,0,2,2,12,1,0,0
3,-1,0,0,1,23,0,0,0
3,-1,0,2,1,13,1,0,0
3,-1,0,0,7,11,0,0,0
3,-1,0,0,3,7,0,0,0
3,-1,0,2,1,26,1,0,0
0,141,5,0,2,9,1,0,0
3,-1,0,0,4,12,0,0,0
0,173,1,0,1,11,1,0,0
3,-1,0,2,1,16,0,0,0
3,-1,0,0,3,13,1,0,0
3,-1,0,0,3,19,1,0,0
3,-1,0,2,2,12,1,0,0
3,-1,0,0,2,20,0,0,0
1,254,23,0,2,6,1,0,0
3,-1,0,0,2,31,0,0,1
3,-1,0,0,1,20,1,0,0
3,-1,0,0,8,18,0,0,1
3,-1,0,0,3,22,0,0,0
0,142,1,0,1,9,1,0,0
3,-1,0,0,2,7,1,0,0
3,-1,0,0,7,17,0,0,0
3,-1,0,0,2,6,1,0,0
3,-1,0,2,1,27,1,0,0
3,-1,0,0,3,5,1,0,0
3,-1,0,2,1,13,1,0,0
1,359,2,0,4,13,1,0,0
3,-1,0,0,1,18,0,0,0
3,-1,0,0,4,15,1,0,1
0,288,4,0,3,15,1,0,0
3,-1,0,2,1,5,0,0,0
3,-1,0,0,5,11,0,0,0
3,-1,0,1,1,29,1,0,1
3,-1,0,0,2,26,0,0,0
3,-1,0,0,2,29,0,0,1
3,-1,0,0,2,13,0,0,0
3,-1,0,0,1,25,1,0,1
0,174,3,0,1,11,1,0,0
3,-1,0,2,2,6,1,0,0
3,-1,0,0,2,19,0,0,0
2,462,1,0,1,21,1,0,1
3,-1,0,0,6,10,0,0,0
3,-1,0,2,4,20,0,0,0
3,-1,0,0,4,14,1,0,0
3,-1,0,2,1,16,1,0,0
1,370,4,0,2,14,1,0,0
3,-1,0,0,1,4,1,0,0
3,-1,0,0,1,30,1,0,0
3,-1,0,0,12,29,0,0,0
3,-1,0,0,2,20,1,0,0
3,-1,0,0,2,21,0,0,1
3,-1,0,0,6,31,1,0,0
3,-1,0,0,20,7,0,0,0
3,-1,0,0,3,31,1,0,0
3,-1,0,0,2,11,0,0,0
1,58,1,0,1,8,0,0,0
3,-1,0,0,1,25,0,0,0
3,-1,0,2,2,3,1,0,0
3,-1,0,0,2,11,0,0,0
2,225,2,0,1,23,0,0,1
3,-1,0,0,2,29,1,0,0
0,270,5,0,2,20,1,0,0
0,167,2,0,1,28,1,0,0
3,-1,0,0,8,31,1,0,0
3,-1,0,2,3,26,1,0,0
2,171,1,0,1,26,0,0,1
3,-1,0,1,1,5,0,0,1
3,-1,0,2,10,3,0,0,0
0,370,2,0,2,13,1,0,0
3,-1,0,0,2,19,0,0,0
3,-1,0,2,2,3,1,0,1
3,-1,0,2,7,19,1,0,0
0,367,2,0,3,8,1,0,0
3,-1,0,2,3,11,1,0,0
3,-1,0,0,1,19,1,0,0
0,173,1,0,2,17,1,0,0
3,-1,0,0,1,5,0,0,0
3,-1,0,2,23,20,1,0,0
3,-1,0,0,1,23,1,0,0
3,-1,0,0,16,31,1,0,0
3,-1,0,0,1,10,1,0,0
3,-1,0,2,1,9,0,0,0
3,-1,0,2,1,9,0,0,0
3,-1,0,0,1,8,0,0,0
0,364,1,0,2,14,1,0,0
3,-1,0,0,5,19,1,0,0
3,-1,0,2,3,9,1,0,0
0,91,1,0,2,16,0,0,0
3,-1,0,2,1,6,0,0,0
3,-1,0,2,1,6,1,0,0
3,-1,0,0,1,14,1,0,1
3,-1,0,0,2,18,0,0,1
2,176,1,1,5,13,1,0,0
3,-1,0,0,1,16,0,0,0
1,370,4,0,1,11,1,0,0
1,95,2,0,2,24,0,0,0
0,368,1,1,1,11,1,0,0
3,-1,0,0,3,17,1,0,0
3,-1,0,0,5,2,1,0,0
3,-1,0,0,2,8,0,0,0
3,-1,0,1,2,30,0,0,0
3,-1,0,0,1,19,0,0,0
3,-1,0,0,5,7,0,0,0
3,-1,0,0,3,14,0,0,0
3,-1,0,2,1,12,0,0,0
3,-1,0,2,2,6,0,0,0
3,-1,0,0,2,17,0,0,0
0,184,2,0,1,21,1,0,0
0,165,2,0,1,17,0,0,0
3,-1,0,2,3,9,1,0,0
3,-1,0,2,1,16,1,0,0
2,90,1,0,6,4,0,0,1
3,-1,0,0,3,5,0,0,1
3,-1,0,0,2,7,1,0,1
3,-1,0,2,1,29,1,0,0
3,-1,0,0,6,20,0,0,0
3,-1,0,2,12,30,1,0,0
3,-1,0,0,2,29,0,0,0
0,169,2,0,1,19,1,0,0
3,-1,0,2,5,17,0,0,0
3,-1,0,0,2,8,0,0,0
0,126,1,0,4,19,1,0,0
3,-1,0,2,2,25,0,0,0
3,-1,0,2,3,28,1,0,0
3,-1,0,2,2,13,1,0,0
3,-1,0,2,1,7,1,0,0
3,-1,0,2,3,12,1,0,0
3,-1,0,2,3,3,0,0,0
3,-1,0,2,1,3,1,0,0
3,-1,0,2,1,14,1,0,1
3,-1,0,2,2,30,1,0,0
3,-1,0,0,2,30,0,0,0
0,364,3,0,1,6,1,0,1
3,-1,0,2,1,27,1,0,0
2,173,1,0,1,20,1,0,0
3,-1,0,0,3,29,0,0,0
3,-1,0,0,10,27,0,0,0
3,-1,0,0,2,7,1,0,0
3,-1,0,0,1,27,0,0,0
3,-1,0,2,1,30,1,0,0
1,276,1,0,1,18,0,0,1
0,326,10,0,3,12,1,0,0
3,-1,0,2,2,19,0,0,0
3,-1,0,0,2,30,0,0,0
3,-1,0,0,2,17,1,0,1
1,350,11,0,11,18,1,0,0
3,-1,0,0,3,15,1,0,0
3,-1,0,0,10,21,1,0,0
3,-1,0,0,2,20,1,0,0
3,-1,0,2,5,20,0,0,0
3,-1,0,2,17,9,1,0,0
3,-1,0,0,1,21,1,0,0
3,-1,0,0,2,30,0,0,0
1,167,4,0,3,7,1,0,0
0,94,2,0,3,19,0,0,0
3,-1,0,0,2,21,0,0,0
3,-1,0,2,3,6,1,0,0
3,-1,0,1,3,21,1,0,0
3,-1,0,0,1,18,1,0,0
2,148,1,0,3,27,0,0,1
3,-1,0,2,1,15,1,0,0
3,-1,0,2,3,6,1,0,0
3,-1,0,2,1,6,1,0,0
3,-1,0,2,4,28,1,0,0
3,-1,0,2,2,14,1,0,0
3,-1,0,0,3,12,0,0,0
3,-1,0,2,4,27,0,0,0
3,-1,0,0,13,30,0,0,0
3,-1,0,0,2,16,1,0,0
3,-1,0,1,3,28,0,0,0
3,-1,0,0,2,29,0,0,0
3,-1,0,0,1,18,0,0,0
3,-1,0,0,2,14,1,0,0
2,320,2,0,2,15,1,0,0
3,-1,0,0,1,27,0,0,0
0,196,1,0,1,5,1,0,0
3,-1,0,2,3,7,1,0,0
3,-1,0,0,2,4,0,0,0
3,-1,0,0,1,21,1,0,0
3,-1,0,0,2,9,1,0,0
0,335,5,0,7,20,1,0,0
3,-1,0,2,1,30,1,0,0
3,-1,0,2,2,7,1,0,0
3,-1,0,0,6,22,0,0,0
3,-1,0,0,7,28,1,0,0
3,-1,0,0,2,13,0,0,1
3,-1,0,0,1,7,0,0,0
3,-1,0,2,2,16,1,0,0
3,-1,0,0,1,2,0,0,0
3,-1,0,0,1,3,1,0,0
0,262,1,0,1,6,1,0,1
3,-1,0,2,1,9,0,0,0
3,-1,0,1,3,20,0,0,0
0,360,1,0,1,14,1,0,0
0,344,1,0,1,17,1,0,0
3,-1,0,0,2,13,1,0,1
3,-1,0,0,6,30,1,0,0
3,-1,0,2,4,15,1,0,0
3,-1,0,0,1,17,0,0,0
3,-1,0,0,2,19,0,0,0
3,-1,0,2,4,30,1,0,0
1,176,4,0,2,21,1,0,0
0,297,3,0,2,4,0,0,1
3,-1,0,0,6,6,0,0,0
2,92,4,0,4,27,0,0,1
3,-1,0,2,2,19,1,0,0
3,-1,0,0,3,1,1,0,0
3,-1,0,0,1,23,0,0,0
3,-1,0,2,24,20,1,0,0
3,-1,0,2,6,12,0,0,0
3,-1,0,1,3,15,1,0,0
3,-1,0,0,1,18,1,0,0
3,-1,0,0,1,13,1,0,0
3,-1,0,0,3,31,1,0,0
1,270,3,0,4,3,1,0,0
3,-1,0,2,1,13,1,0,1
3,-1,0,0,2,28,0,0,0
3,-1,0,0,11,30,0,0,0
3,-1,0,0,3,28,1,0,0
1,340,15,0,4,15,1,0,0
3,-1,0,0,1,7,1,0,0
3,-1,0,0,3,21,1,0,0
3,-1,0,2,3,20,0,0,0
3,-1,0,2,7,20,1,0,0
3,-1,0,2,2,3,1,0,0
3,-1,0,0,1,5,1,0,0
3,-1,0,0,2,7,1,0,0
3,-1,0,0,1,22,1,0,0
3,-1,0,0,1,14,1,0,0
3,-1,0,2,2,20,0,0,0
3,-1,0,2,17,11,1,0,0
0,171,1,0,1,20,1,0,0
0,170,2,0,1,5,0,0,0
3,-1,0,0,2,11,1,0,0
3,-1,0,0,4,4,0,0,0
3,-1,0,2,1,11,0,0,0
3,-1,0,0,1,8,0,0,0
3,-1,0,0,1,9,1,0,0
3,-1,0,2,1,15,1,0,1
3,-1,0,0,1,5,1,0,0
3,-1,0,2,1,5,1,0,0
3,-1,0,2,3,30,1,0,0
3,-1,0,0,1,10,1,0,0
3,-1,0,2,2,15,1,0,0
3,-1,0,2,4,17,0,0,0
3,-1,0,2,11,26,1,0,1
3,-1,0,0,8,21,0,0,0
3,-1,0,0,1,25,0,0,0
3,-1,0,1,1,20,0,0,0
3,-1,0,0,5,13,0,0,1
3,-1,0,0,4,14,0,0,0
0,347,3,0,1,15,1,0,0
3,-1,0,0,1,23,1,0,0
3,-1,0,0,2,17,1,0,0
3,-1,0,1,1,11,0,0,0
3,-1,0,2,1,5,1,0,0
0,300,1,0,1,13,1,0,0
3,-1,0,2,10,20,1,0,0
3,-1,0,0,1,8,1,0,0
3,-1,0,1,1,8,0,0,1
3,-1,0,0,2,20,0,0,0
3,-1,0,0,1,23,1,0,1
2,101,6,0,3,21,0,0,0
3,-1,0,2,1,18,0,0,0
3,-1,0,2,1,6,0,0,0
3,-1,0,2,26,20,1,0,0
0,96,2,0,4,2,1,0,0
3,-1,0,0,4,13,0,0,0
3,-1,0,0,2,12,0,0,0
3,-1,0,2,3,8,1,0,0
2,95,3,0,2,28,0,0,0
3,-1,0,2,3,5,1,0,0
3,-1,0,2,1,20,1,0,0
3,-1,0,2,2,12,0,0,0
3,-1,0,0,1,16,1,0,0
3,-1,0,1,4,20,1,0,0
3,-1,0,1,4,26,0,0,0
3,-1,0,2,2,9,0,0,0
3,-1,0,2,1,6,0,0,0
3,-1,0,0,3,21,0,0,0
3,-1,0,2,2,14,1,0,0
3,-1,0,0,1,4,0,0,0
0,262,2,0,2,29,0,0,0
3,-1,0,0,1,28,0,0,0
0,337,3,0,1,15,1,0,1
3,-1,0,2,1,4,0,0,0
0,245,4,0,1,7,1,0,0
3,-1,0,2,1,8,1,0,0
3,-1,0,2,2,30,1,0,1
3,-1,0,2,2,17,0,0,0
3,-1,0,0,3,7,1,0,0
3,-1,0,0,1,18,0,0,0
3,-1,0,0,2,16,1,0,0
3,-1,0,0,1,11,1,0,0
0,101,4,0,1,21,0,0,0
3,-1,0,2,2,2,1,0,0
3,-1,0,0,2,15,1,0,0
3,-1,0,0,9,24,1,0,0
3,-1,0,2,1,13,1,0,0
3,-1,0,0,2,14,0,0,0
3,-1,0,0,1,30,0,0,0
3,-1,0,0,4,31,0,0,0
3,-1,0,0,3,14,1,0,0
3,-1,0,0,6,21,0,0,0
3,-1,0,0,1,6,1,0,0
3,-1,0,1,1,7,1,0,0
3,-1,0,1,2,21,0,0,0
3,-1,0,0,2,17,1,0,0
3,-1,0,0,1,12,0,0,0
3,-1,0,0,3,5,0,0,1
3,-1,0,0,1,17,1,0,0
3,-1,0,2,4,18,1,0,0
3,-1,0,2,1,8,1,0,0
2,174,1,0,1,19,1,0,1
3,-1,0,0,2,4,1,0,0
3,-1,0,0,1,13,0,0,0
3,-1,0,0,2,21,1,0,0
0,342,1,0,1,7,0,0,0
3,-1,0,0,3,23,0,0,0
1,110,3,0,1,18,1,0,0
3,-1,0,0,1,14,0,0,0
0,252,2,0,1,2,1,0,0
3,-1,0,2,1,5,1,0,0
3,-1,0,2,5,18,1,0,0
3,-1,0,0,2,6,0,0,1
3,-1,0,0,2,7,1,0,1
3,-1,0,0,1,20,0,0,1
3,-1,0,2,1,14,1,0,0
3,-1,0,1,2,30,0,0,1
3,-1,0,0,5,20,1,0,0
3,-1,0,0,5,15,1,0,0
3,-1,0,0,5,27,0,0,1
0,259,2,0,1,29,1,0,0
3,-1,0,2,1,28,1,0,0
3,-1,0,0,3,7,0,0,0
3,-1,0,0,2,11,1,0,0
3,-1,0,1,3,15,0,0,0
3,-1,0,0,1,7,1,0,0
3,-1,0,1,3,14,1,0,0
2,278,1,0,2,8,0,0,1
0,370,1,0,1,14,1,0,0
0,350,7,0,2,12,1,0,0
3,-1,0,0,4,20,1,0,0
3,-1,0,0,2,13,0,0,0
3,-1,0,0,2,21,0,0,0
0,248,1,0,3,30,1,0,0
3,-1,0,2,2,19,1,0,0
3,-1,0,2,1,9,0,0,0
3,-1,0,2,1,11,0,0,0
3,-1,0,0,1,14,1,0,0
2,93,7,0,7,14,0,0,0
3,-1,0,0,1,12,0,0,0
3,-1,0,0,2,14,1,0,0
3,-1,0,2,2,26,1,0,0
0,246,1,0,2,29,1,0,0
3,-1,0,0,1,20,1,0,0
3,-1,0,0,2,5,1,0,0
3,-1,0,2,2,20,0,0,0
0,357,1,0,4,12,1,0,0
3,-1,0,0,1,17,1,0,0
3,-1,0,0,2,29,0,0,0
3,-1,0,2,1,29,1,0,0
3,-1,0,0,1,8,0,0,0
0,364,5,0,5,8,1,0,0
3,-1,0,0,3,19,0,0,0
3,-1,0,0,3,19,0,0,0
3,-1,0,2,6,20,0,0,0
3,-1,0,0,3,13,1,0,0
3,-1,0,2,3,26,1,0,0
3,-1,0,0,1,17,0,0,0
3,-1,0,0,2,22,0,0,0
3,-1,0,0,6,21,1,0,0
3,-1,0,2,1,6,0,0,0
1,338,8,0,2,8,1,0,0
1,363,2,0,3,18,1,0,0
3,-1,0,2,4,9,0,0,0
3,-1,0,0,4,22,0,0,0
3,-1,0,2,2,8,1,0,1
3,-1,0,2,3,23,0,0,0
3,-1,0,2,1,20,1,0,0
3,-1,0,1,2,25,1,0,0
3,-1,0,2,1,20,0,0,0
0,343,1,0,2,17,1,0,0
1,97,3,1,5,6,0,0,0
3,-1,0,1,7,16,0,0,0
3,-1,0,2,2,7,0,0,0
3,-1,0,2,1,8,1,0,0
0,355,4,0,2,18,1,0,0
3,-1,0,0,3,14,1,0,0
0,94,8,0,7,21,1,0,0
3,-1,0,0,9,18,1,0,0
3,-1,0,2,1,18,1,0,0
3,-1,0,0,2,24,1,0,1
3,-1,0,2,1,23,1,0,0
3,-1,0,0,3,18,0,0,0
3,-1,0,0,1,4,1,0,0
1,269,3,0,2,5,1,0,0
3,-1,0,2,1,13,0,0,0
3,-1,0,0,2,24,0,0,1
3,-1,0,2,3,26,1,0,0
3,-1,0,0,1,6,0,0,0
3,-1,0,2,9,2,1,0,0
3,-1,0,0,2,4,0,0,0
0,253,2,0,1,7,1,0,0
3,-1,0,0,1,18,0,0,0
3,-1,0,0,1,20,0,0,0
0,260,2,0,2,5,1,0,0
3,-1,0,2,1,17,0,0,0
3,-1,0,1,8,26,0,0,0
3,-1,0,0,3,11,0,0,0
3,-1,0,2,3,23,0,0,0
3,-1,0,0,2,15,0,0,0
3,-1,0,0,14,18,0,0,0
3,-1,0,0,1,5,1,0,0
3,-1,0,0,2,2,1,0,0
3,-1,0,0,1,5,0,0,0
3,-1,0,0,2,11,1,0,0
3,-1,0,0,2,17,0,0,0
0,344,1,0,1,6,1,0,0
0,245,3,0,3,30,1,0,0
3,-1,0,2,4,16,0,0,0
3,-1,0,0,3,14,1,0,0
3,-1,0,0,1,8,0,0,0
3,-1,0,0,2,18,1,0,0
1,113,2,0,1,19,1,0,0
3,-1,0,2,1,6,1,0,0
3,-1,0,0,16,28,0,0,0
3,-1,0,0,7,31,0,0,0
0,334,2,0,2,6,1,0,0
3,-1,0,2,2,28,1,0,0
3,-1,0,2,3,11,0,0,0
3,-1,0,0,1,21,0,0,0
0,369,3,0,2,12,1,0,0
3,-1,0,0,3,31,1,0,0
3,-1,0,0,1,18,1,0,0
3,-1,0,0,2,18,1,0,0
0,350,6,1,4,13,1,0,0
3,-1,0,0,1,5,0,0,0
3,-1,0,2,1,6,0,0,0
3,-1,0,2,2,14,1,0,0
3,-1,0,0,2,20,0,0,0
3,-1,0,0,2,14,1,0,0
3,-1,0,0,2,18,1,0,0
3,-1,0,2,1,19,0,0,1
3,-1,0,0,1,9,0,0,0
3,-1,0,0,6,30,1,0,0
3,-1,0,2,1,2,1,0,0
3,-1,0,2,1,17,0,0,0
3,-1,0,0,4,20,0,0,0
3,-1,0,2,2,6,1,0,0
3,-1,0,0,1,4,0,0,0
3,-1,0,0,2,21,1,0,0
1,278,23,0,2,5,1,0,0
0,169,1,0,2,6,1,0,0
3,-1,0,0,3,11,0,0,0
3,-1,0,2,1,15,1,0,0
3,-1,0,0,2,14,1,0,0
3,-1,0,0,1,18,1,0,0
1,20,1,0,1,3,1,0,1
3,-1,0,0,3,5,1,0,0
3,-1,0,0,2,28,0,0,0
3,-1,0,2,1,4,0,0,0
0,275,3,0,4,5,1,0,0
3,-1,0,2,17,28,1,0,0
3,-1,0,2,2,16,1,0,1
3,-1,0,2,4,7,1,0,0
3,-1,0,2,2,18,0,0,0
3,-1,0,0,4,4,1,0,1
3,-1,0,0,4,20,0,0,1
3,-1,0,2,6,6,0,0,0
0,265,4,0,5,9,1,0,0
3,-1,0,0,16,27,0,0,0
3,-1,0,0,4,14,1,0,0
3,-1,0,0,3,27,1,0,1
3,-1,0,2,6,19,1,0,0
3,-1,0,0,2,28,0,0,0
3,-1,0,0,1,23,0,0,0
3,-1,0,2,5,30,0,0,0
3,-1,0,0,5,8,0,0,0
3,-1,0,2,1,19,1,0,0
0,175,1,2,1,17,1,0,0
3,-1,0,0,1,16,0,0,0
3,-1,0,0,1,20,1,0,0
0,179,1,0,7,18,1,0,0
0,346,2,0,1,14,1,0,1
3,-1,0,0,4,7,1,0,0
3,-1,0,0,2,30,1,0,0
3,-1,0,2,1,23,1,0,0
3,-1,0,0,1,8,0,0,1
3,-1,0,2,1,2,1,0,0
3,-1,0,0,1,13,1,0,0
0,370,2,0,2,11,1,0,0
3,-1,0,0,1,10,0,0,0
3,-1,0,0,4,30,0,0,0
3,-1,0,0,2,18,1,0,0
3,-1,0,0,3,21,1,0,0
3,-1,0,2,4,7,1,0,0
3,-1,0,0,8,18,1,0,0
3,-1,0,0,2,19,1,0,0
3,-1,0,2,2,5,1,0,0
3,-1,0,0,1,17,1,0,0
0,327,23,0,6,13,1,0,0
3,-1,0,2,2,12,1,0,0
3,-1,0,2,2,30,1,0,0
3,-1,0,0,2,26,0,0,0
3,-1,0,0,5,11,0,0,0
3,-1,0,0,2,13,1,0,0
3,-1,0,0,3,14,0,0,0
3,-1,0,0,1,17,1,0,0
3,-1,0,2,4,30,1,0,0
1,326,5,0,1,11,1,0,0
2,103,3,0,1,15,0,0,1
3,-1,0,0,1,10,0,0,0
1,56,1,1,2,27,0,0,1
1,125,2,0,3,20,1,0,0
3,-1,0,0,4,25,0,0,0
3,-1,0,0,1,8,1,0,0
0,147,1,0,1,16,1,0,0
3,-1,0,2,25,2,1,0,0
3,-1,0,0,3,20,1,0,0
3,-1,0,0,3,20,0,0,1
3,-1,0,0,1,6,1,0,0
1,96,9,0,1,3,1,0,0
3,-1,0,2,5,2,1,0,0
3,-1,0,0,1,22,0,0,0
3,-1,0,0,3,19,0,0,0
0,171,1,0,1,3,0,0,1
3,-1,0,0,5,6,1,0,0
0,299,4,0,2,15,1,0,0
3,-1,0,0,10,18,1,0,0
3,-1,0,0,1,7,1,0,0
3,-1,0,2,37,20,1,0,0
3,-1,0,2,2,19,0,0,0
3,-1,0,2,1,9,1,0,0
3,-1,0,0,3,18,0,0,0
3,-1,0,2,5,30,1,0,0
0,170,5,0,1,8,1,0,0
3,-1,0,0,2,11,0,0,0
3,-1,0,0,2,29,1,0,0
1,171,2,0,1,17,0,0,0
3,-1,0,2,2,9,1,0,0
3,-1,0,0,1,5,1,0,0
3,-1,0,0,2,14,0,0,0
3,-1,0,2,1,27,0,0,0
0,162,5,0,11,8,0,0,0
3,-1,0,2,9,30,1,0,0
3,-1,0,0,1,20,1,0,0
3,-1,0,2,2,9,1,0,0
3,-1,0,2,1,26,1,0,0
3,-1,0,0,1,18,0,0,0
3,-1,0,1,2,18,0,0,0
3,-1,0,0,1,21,0,0,0
3,-1,0,2,1,6,0,0,0
1,195,1,1,2,15,0,0,1
3,-1,0,0,2,24,1,0,1
0,348,1,0,1,13,1,0,0
3,-1,0,0,4,14,1,0,0
3,-1,0,0,2,31,0,0,0
3,-1,0,0,1,2,1,0,0
3,-1,0,1,1,21,1,0,0
3,-1,0,0,3,18,0,0,0
3,-1,0,2,1,21,1,0,0
3,-1,0,0,2,19,0,0,0
3,-1,0,0,3,30,0,0,0
3,-1,0,0,1,6,1,0,0
3,-1,0,0,1,18,0,0,1
3,-1,0,0,5,8,0,0,0
3,-1,0,0,3,20,0,0,0
3,-1,0,2,4,9,1,0,0
3,-1,0,2,1,29,1,0,0
3,-1,0,0,1,13,1,0,0
3,-1,0,2,2,12,0,0,0
3,-1,0,2,2,6,0,0,0
1,185,5,0,1,10,1,0,1
3,-1,0,0,9,21,0,0,0
3,-1,0,2,6,19,1,0,0
3,-1,0,2,1,30,1,0,0
3,-1,0,2,2,16,0,0,0
3,-1,0,0,2,29,1,0,0
3,-1,0,2,2,17,1,0,0
3,-1,0,0,2,14,0,0,0
3,-1,0,2,1,5,1,0,0
3,-1,0,0,2,31,1,0,0
0,252,4,0,4,3,1,0,0
3,-1,0,0,1,11,1,0,0
3,-1,0,2,2,20,0,0,0
3,-1,0,2,3,11,0,0,0
3,-1,0,0,5,15,0,0,1
3,-1,0,2,1,27,1,0,0
3,-1,0,0,10,30,0,0,0
3,-1,0,2,6,3,1,0,0
3,-1,0,0,1,19,1,0,0
3,-1,0,0,3,13,1,0,0
3,-1,0,0,2,22,0,0,0
3,-1,0,2,1,16,0,0,0
3,-1,0,0,4,14,0,0,0
3,-1,0,0,1,29,0,0,0
3,-1,0,2,2,15,0,0,0
3,-1,0,2,3,29,1,0,0
3,-1,0,0,4,18,1,0,0
3,-1,0,2,5,27,1,0,0
3,-1,0,0,2,11,0,0,0
0,206,5,0,2,6,1,0,0
1,167,16,0,1,17,1,0,0
0,389,2,0,4,15,1,0,0
0,365,1,0,4,14,1,0,0
3,-1,0,2,2,29,1,0,1
3,-1,0,0,4,18,1,0,0
3,-1,0,2,3,5,1,0,0
3,-1,0,0,2,20,1,0,0
3,-1,0,2,2,19,1,0,0
3,-1,0,0,4,26,0,0,0
3,-1,0,0,2,8,1,0,0
3,-1,0,0,2,4,0,0,0
0,305,1,0,1,11,1,0,0
3,-1,0,0,8,31,1,0,0
3,-1,0,0,5,10,0,0,0
3,-1,0,2,4,21,1,0,1
3,-1,0,2,1,20,1,0,1
3,-1,0,0,2,19,1,0,0
3,-1,0,0,4,21,0,0,0
3,-1,0,2,1,13,1,0,0
0,172,1,0,2,21,1,0,0
3,-1,0,0,1,29,1,0,0
3,-1,0,2,1,15,1,0,0
3,-1,0,0,3,18,1,0,0
3,-1,0,2,1,6,1,0,0
3,-1,0,0,13,18,0,0,0
3,-1,0,0,1,24,1,0,0
3,-1,0,2,3,30,0,0,0
3,-1,0,0,2,8,1,0,0
3,-1,0,0,2,26,0,0,0
3,-1,0,2,5,24,1,0,0
3,-1,0,2,1,2,1,0,0
0,365,2,0,5,15,1,0,0
3,-1,0,2,1,19,0,0,0
3,-1,0,2,2,8,1,0,0
0,255,2,0,2,6,0,0,0
3,-1,0,0,13,26,0,0,0
0,350,1,0,1,14,1,0,0
3,-1,0,2,1,20,1,0,0
3,-1,0,0,6,12,0,0,1
0,374,3,0,4,14,1,0,0
1,347,5,1,12,12,1,0,0
3,-1,0,0,1,18,0,0,0
3,-1,0,0,3,4,0,0,0
0,330,17,0,2,7,1,0,0
3,-1,0,1,24,28,1,0,0
3,-1,0,0,3,29,0,0,0
3,-1,0,0,17,27,0,0,0
3,-1,0,0,1,18,1,0,0
3,-1,0,2,1,14,1,0,0
3,-1,0,2,1,29,1,0,1
3,-1,0,0,2,17,1,0,0
3,-1,0,2,2,14,1,0,0
3,-1,0,0,7,18,0,0,0
3,-1,0,0,1,28,0,0,0
3,-1,0,0,2,14,0,0,0
3,-1,0,2,2,6,1,0,0
3,-1,0,0,1,5,0,0,0
3,-1,0,0,1,4,0,0,0
3,-1,0,0,1,8,1,0,0
3,-1,0,2,2,17,0,0,0
3,-1,0,0,2,29,1,0,0
3,-1,0,0,1,11,0,0,0
3,-1,0,0,2,13,0,0,0
1,231,2,0,2,4,1,0,0
1,195,1,0,2,20,1,0,1
3,-1,0,0,1,18,1,0,1
3,-1,0,2,4,9,1,0,0
3,-1,0,0,10,28,0,0,0
3,-1,0,0,1,17,1,0,0
3,-1,0,2,4,20,0,0,0
3,-1,0,0,1,20,0,0,0
3,-1,0,0,1,17,1,0,0
1,351,3,0,3,12,1,0,0
3,-1,0,2,22,20,1,0,0
3,-1,0,2,2,29,1,0,1
3,-1,0,0,2,31,0,0,0
2,92,1,1,1,11,0,0,1
3,-1,0,0,1,14,1,0,0
3,-1,0,2,8,12,0,0,0
3,-1,0,0,2,14,0,0,1
3,-1,0,2,2,28,1,0,0
3,-1,0,0,1,18,1,0,0
3,-1,0,2,2,20,1,0,0
3,-1,0,2,1,8,0,0,0
3,-1,0,0,2,8,0,0,0
3,-1,0,0,8,23,0,0,0
3,-1,0,2,2,30,1,0,0
3,-1,0,2,1,23,1,0,0
3,-1,0,0,2,28,1,0,0
3,-1,0,0,2,21,1,0,0
3,-1,0,2,1,7,1,0,0
1,2,1,0,1,30,0,0,0
3,-1,0,0,2,19,1,0,0
3,-1,0,0,1,26,1,0,0
3,-1,0,0,4,22,0,0,0
3,-1,0,2,1,21,1,0,0
3,-1,0,2,2,29,1,0,0
3,-1,0,2,1,20,0,0,0
3,-1,0,2,1,19,1,0,0
3,-1,0,0,4,5,0,0,0
2,189,1,0,3,15,0,0,1
3,-1,0,0,1,13,1,0,0
3,-1,0,0,4,18,0,0,0
3,-1,0,0,2,12,1,0,1
0,188,5,0,2,1,0,0,0
0,365,1,0,2,8,1,0,0
3,-1,0,0,1,17,1,0,0
3,-1,0,2,1,23,1,0,0
3,-1,0,0,1,21,1,0,0
3,-1,0,2,1,23,1,0,0
3,-1,0,0,1,14,1,0,0
3,-1,0,0,2,23,0,0,0
3,-1,0,1,8,31,0,0,0
3,-1,0,0,1,12,0,0,0
3,-1,0,1,4,24,1,0,0
0,112,2,1,3,18,1,0,0
3,-1,0,0,1,28,0,0,0
3,-1,0,0,1,30,1,0,1
3,-1,0,0,1,19,1,0,0
3,-1,0,2,2,30,1,0,0
3,-1,0,2,1,19,1,0,0
3,-1,0,0,1,22,1,0,1
3,-1,0,1,1,18,1,0,0
3,-1,0,0,1,23,0,0,0
3,-1,0,0,2,31,0,0,0
3,-1,0,1,1,17,0,0,0
3,-1,0,0,1,8,0,0,0
3,-1,0,0,3,13,1,0,0
0,183,1,1,3,5,0,0,0
3,-1,0,0,2,24,1,0,0
3,-1,0,0,2,15,1,0,1
3,-1,0,1,7,16,0,0,0
0,102,2,0,1,26,0,0,0
2,183,2,0,2,17,0,0,1
3,-1,0,2,2,28,1,0,0
3,-1,0,2,1,21,0,0,0
3,-1,0,0,4,29,0,0,0
3,-1,0,0,2,8,1,0,0
3,-1,0,0,1,20,0,0,0
3,-1,0,0,7,14,1,0,0
3,-1,0,0,1,7,0,0,0
1,173,2,0,7,13,1,0,0
3,-1,0,0,2,9,0,0,0
0,201,1,0,1,4,1,0,0
3,-1,0,2,1,5,0,0,0
3,-1,0,0,3,14,0,0,0
3,-1,0,1,1,3,0,0,1
3,-1,0,2,3,16,0,0,0
3,-1,0,1,11,18,1,0,0
3,-1,0,0,3,3,1,0,0
3,-1,0,0,1,28,0,0,0
3,-1,0,0,1,16,1,0,0
3,-1,0,0,1,13,1,0,1
3,-1,0,2,2,3,0,0,0
0,271,4,0,1,2,1,0,0
3,-1,0,2,2,17,1,0,0
3,-1,0,2,2,15,0,0,0
3,-1,0,0,3,12,0,0,0
3,-1,0,0,1,9,0,0,0
0,55,1,0,1,31,1,0,0
0,157,4,0,1,4,1,0,1
3,-1,0,0,6,13,0,0,1
3,-1,0,0,2,29,1,0,0
3,-1,0,0,2,22,0,0,0
3,-1,0,1,1,18,0,0,0
3,-1,0,2,3,18,0,0,0
3,-1,0,2,1,27,1,0,0
0,91,6,0,2,13,1,0,0
3,-1,0,0,2,20,0,0,0
3,-1,0,2,3,29,1,0,0
3,-1,0,2,7,6,1,0,0
3,-1,0,2,1,3,1,0,0
3,-1,0,2,11,17,0,0,0
3,-1,0,2,3,19,1,0,0
3,-1,0,2,9,6,1,0,0
3,-1,0,2,2,6,1,0,0
2,91,5,0,1,6,0,0,0
1,186,9,0,1,17,1,0,0
3,-1,0,0,2,30,0,0,0
1,281,4,0,1,8,1,0,0
3,-1,0,2,1,6,1,0,0
3,-1,0,0,3,4,1,0,0
3,-1,0,0,1,21,1,0,0
3,-1,0,0,2,28,0,0,0
0,183,10,0,2,5,1,0,1
3,-1,0,0,3,3,1,0,0
3,-1,0,0,2,19,0,0,0
3,-1,0,2,1,5,0,0,0
3,-1,0,0,1,21,0,0,0
3,-1,0,0,1,29,1,0,0
0,278,4,0,2,13,1,0,0
3,-1,0,0,4,22,0,0,0
3,-1,0,2,6,30,1,0,0
3,-1,0,2,1,5,0,0,1
3,-1,0,2,1,8,1,0,0
0,189,1,0,2,20,0,0,0
3,-1,0,0,3,24,1,0,0
3,-1,0,0,8,30,0,0,0
3,-1,0,0,2,29,0,0,0
3,-1,0,1,1,28,0,0,1
3,-1,0,0,1,23,0,0,0
3,-1,0,0,1,17,0,0,0
3,-1,0,2,4,20,0,0,0
3,-1,0,0,2,17,1,0,0
3,-1,0,2,1,8,1,0,0
3,-1,0,0,1,4,1,0,0
3,-1,0,0,5,18,0,0,0
3,-1,0,1,3,21,1,0,0
0,350,4,0,3,18,1,0,0
1,353,1,0,2,25,0,0,1
3,-1,0,2,1,19,0,0,0
3,-1,0,0,5,29,0,0,0
3,-1,0,2,2,26,1,0,0
3,-1,0,2,2,6,0,0,0
1,5,1,0,2,2,0,0,0
3,-1,0,0,1,10,0,0,0
3,-1,0,0,3,14,1,0,0
3,-1,0,0,10,19,1,0,0
3,-1,0,2,2,4,1,0,0
1,349,3,0,3,12,1,0,1
3,-1,0,0,6,30,0,0,0
3,-1,0,2,1,10,0,0,0
3,-1,0,2,1,13,1,0,0
3,-1,0,0,4,30,0,0,0
3,-1,0,0,4,14,0,0,0
3,-1,0,2,2,19,0,0,0
3,-1,0,2,5,4,1,0,0
3,-1,0,0,11,28,0,0,0
0,350,5,0,1,12,1,0,1
3,-1,0,0,2,14,1,0,0
3,-1,0,0,1,5,1,0,0
0,73,1,0,3,14,0,0,0
3,-1,0,0,3,3,0,0,0
3,-1,0,0,4,13,1,0,0
1,6,3,1,4,3,0,0,0
3,-1,0,0,9,17,0,0,0
1,257,1,0,1,16,1,0,1
3,-1,0,2,7,20,0,0,0
3,-1,0,0,2,18,1,0,0
3,-1,0,2,2,15,0,0,0
3,-1,0,0,4,20,1,0,0
3,-1,0,0,1,9,0,0,0
0,195,2,0,1,22,0,0,0
3,-1,0,0,4,12,0,0,0
3,-1,0,2,2,13,1,0,0
3,-1,0,0,2,29,0,0,0
3,-1,0,2,2,6,1,0,1
0,349,1,0,1,7,1,0,0
3,-1,0,0,2,28,1,0,0
3,-1,0,0,1,16,1,0,0
3,-1,0,2,1,4,1,0,0
3,-1,0,0,3,11,0,0,1
3,-1,0,2,1,5,1,0,0
3,-1,0,0,1,24,1,0,0
3,-1,0,0,1,9,0,0,0
3,-1,0,0,5,28,1,0,0
3,-1,0,0,1,2,1,0,0
0,127,3,0,2,18,0,0,0
3,-1,0,0,6,8,1,0,0
3,-1,0,0,2,11,0,0,0
3,-1,0,0,4,31,1,0,0
3,-1,0,2,9,15,1,0,0
3,-1,0,2,1,5,0,0,0
3,-1,0,2,2,6,1,0,0
3,-1,0,2,1,20,0,0,0
3,-1,0,0,1,17,0,0,0
3,-1,0,2,2,12,1,0,0
3,-1,0,0,1,11,0,0,0
3,-1,0,2,4,15,1,0,0
3,-1,0,2,2,8,1,0,0
3,-1,0,0,2,18,0,0,0
3,-1,0,0,3,25,0,0,0
3,-1,0,0,6,18,0,0,0
3,-1,0,2,2,18,0,0,0
3,-1,0,2,1,9,0,0,0
3,-1,0,0,2,18,1,0,0
3,-1,0,2,6,21,1,0,0
3,-1,0,0,6,18,0,0,0
3,-1,0,0,2,30,1,0,0
3,-1,0,0,8,8,1,0,0
3,-1,0,0,3,30,0,0,1
3,-1,0,2,2,23,1,0,0
0,185,1,0,1,16,0,0,0
3,-1,0,1,3,30,0,0,0
3,-1,0,0,1,3,0,0,1
3,-1,0,0,6,2,0,0,0
3,-1,0,0,1,17,1,0,0
2,374,1,0,1,12,1,0,1
3,-1,0,2,2,27,1,0,0
2,87,1,0,1,30,0,0,1
3,-1,0,0,1,6,1,0,0
0,296,11,0,1,13,1,0,1
3,-1,0,0,1,4,1,0,0
3,-1,0,0,1,2,0,0,0
2,181,2,0,1,12,0,0,0
3,-1,0,2,1,26,1,0,0
3,-1,0,0,3,30,0,0,0
0,167,1,0,2,20,1,0,0
3,-1,0,1,3,13,1,0,0
3,-1,0,0,10,28,0,0,0
3,-1,0,0,1,17,1,0,0
3,-1,0,0,2,17,1,0,0
3,-1,0,2,4,16,1,0,0
3,-1,0,0,1,10,1,0,0
3,-1,0,1,2,30,0,0,1
0,195,4,0,1,3,1,0,1
3,-1,0,0,2,31,1,0,0
3,-1,0,2,4,27,1,0,0
3,-1,0,2,4,16,1,0,0
3,-1,0,2,2,19,1,0,0
0,152,2,0,1,19,0,0,0
3,-1,0,0,1,8,1,0,0
3,-1,0,0,2,6,0,0,0
3,-1,0,0,4,29,1,0,0
3,-1,0,0,2,30,0,0,1
3,-1,0,0,1,16,0,0,1
3,-1,0,0,3,5,0,0,0
3,-1,0,0,6,12,1,0,0
3,-1,0,2,3,20,0,0,0
3,-1,0,0,17,17,1,0,0
3,-1,0,2,6,23,1,0,0
0,352,2,0,4,14,1,0,0
3,-1,0,0,1,11,1,0,0
3,-1,0,2,4,14,1,0,0
0,321,1,0,1,25,0,0,1
3,-1,0,2,2,7,1,0,0
3,-1,0,0,1,4,0,0,0
3,-1,0,0,1,29,0,0,0
3,-1,0,0,6,29,0,0,0
0,339,1,0,1,16,1,0,0
3,-1,0,0,1,7,0,0,0
0,126,1,0,1,20,1,0,0
3,-1,0,2,1,2,1,0,0
3,-1,0,0,2,12,1,0,0
3,-1,0,0,1,16,1,0,0
3,-1,0,0,2,3,0,0,1
1,107,2,0,1,5,1,0,1
3,-1,0,0,2,21,1,0,0
3,-1,0,0,2,6,1,0,0
3,-1,0,0,2,9,0,0,0
0,344,7,0,1,13,1,0,0
3,-1,0,0,5,29,1,0,0
3,-1,0,0,1,7,1,0,0
3,-1,0,0,2,14,1,0,0
3,-1,0,0,4,23,0,0,0
0,370,1,0,2,13,1,0,0
3,-1,0,2,1,27,1,0,0
3,-1,0,2,2,16,0,0,0
3,-1,0,0,2,12,0,0,1
3,-1,0,0,1,25,0,0,1
3,-1,0,0,4,18,0,0,0
3,-1,0,0,3,23,0,0,0
3,-1,0,2,2,19,1,0,1
3,-1,0,2,1,12,1,0,0
0,284,2,0,1,11,1,0,0
3,-1,0,2,1,15,1,0,0
3,-1,0,0,3,9,0,0,0
3,-1,0,2,2,13,1,0,0
2,164,2,0,1,17,1,0,0
3,-1,0,2,1,9,1,0,0
0,357,5,0,2,13,1,0,0
3,-1,0,2,2,7,1,0,0
3,-1,0,0,5,15,1,0,0
3,-1,0,0,5,19,0,0,0
3,-1,0,2,1,14,1,0,0
3,-1,0,0,5,24,0,0,0
3,-1,0,2,2,6,1,0,0
3,-1,0,2,2,29,1,0,0
3,-1,0,2,8,4,1,0,0
3,-1,0,1,1,23,1,0,1
0,351,2,0,1,13,1,0,0
0,430,2,0,2,5,0,0,0
3,-1,0,0,1,22,1,0,1
3,-1,0,0,2,19,0,0,0
0,350,3,0,2,11,1,0,0
3,-1,0,2,4,29,1,0,0
3,-1,0,2,1,6,1,0,0
3,-1,0,1,2,30,1,0,0
0,359,3,0,1,6,1,0,0
3,-1,0,0,5,6,0,0,0
1,325,1,0,3,20,1,0,0
3,-1,0,0,1,20,1,0,0
3,-1,0,0,2,20,0,0,0
3,-1,0,0,5,30,1,0,0
0,28,3,0,1,30,0,0,0
3,-1,0,0,7,12,1,0,0
3,-1,0,0,1,7,1,0,0
3,-1,0,0,3,13,0,0,1
3,-1,0,0,3,29,1,0,0
3,-1,0,2,1,15,1,0,0
3,-1,0,2,2,14,1,0,0
2,93,2,0,5,13,0,0,0
3,-1,0,0,3,9,0,0,0
3,-1,0,2,2,6,1,0,0
3,-1,0,0,4,21,0,0,0
3,-1,0,0,6,5,0,0,0
3,-1,0,0,1,18,0,0,0
1,90,1,1,3,5,0,0,0
0,293,1,0,1,7,1,0,0
3,-1,0,0,1,21,1,0,0
3,-1,0,2,5,20,0,0,0
3,-1,0,0,1,3,0,0,0
3,-1,0,0,1,19,0,0,0
0,119,3,0,4,17,1,0,0
0,180,5,0,2,10,1,0,1
3,-1,0,0,1,7,0,0,0
3,-1,0,0,4,21,1,0,1
3,-1,0,0,1,11,1,0,0
3,-1,0,0,3,13,0,0,1
3,-1,0,0,1,14,0,0,1
3,-1,0,0,1,30,0,0,1
3,-1,0,0,4,15,0,0,0
3,-1,0,0,3,31,1,0,0
3,-1,0,0,1,21,1,0,0
3,-1,0,2,2,26,1,0,1
3,-1,0,0,2,8,0,0,0
3,-1,0,2,1,1,0,0,0
3,-1,0,2,1,16,1,0,0
3,-1,0,2,2,15,1,0,1
3,-1,0,0,2,17,1,0,0
2,181,3,1,1,14,0,0,1
3,-1,0,2,1,8,1,0,0
3,-1,0,0,1,28,0,0,0
2,184,1,0,1,19,0,0,1
3,-1,0,0,1,13,0,0,0
1,91,5,0,1,16,0,0,1
3,-1,0,0,2,20,0,0,0
3,-1,0,0,6,30,0,0,0
3,-1,0,0,3,25,0,0,0
3,-1,0,2,1,30,1,0,0
3,-1,0,2,1,20,0,0,0
2,274,5,0,1,17,1,0,1
3,-1,0,0,2,22,1,0,0
3,-1,0,0,1,12,1,0,0
3,-1,0,2,2,27,1,0,0
3,-1,0,0,6,31,1,0,1
3,-1,0,0,4,8,0,0,0
3,-1,0,1,2,29,0,0,0
0,171,8,0,1,11,1,0,0
3,-1,0,2,1,11,1,0,0
3,-1,0,2,1,16,1,0,0
0,196,1,0,1,1,0,0,0
3,-1,0,0,1,21,0,0,0
3,-1,0,0,4,18,1,0,0
3,-1,0,0,1,4,0,0,1
3,-1,0,2,3,3,0,0,0
3,-1,0,0,1,16,1,0,0
3,-1,0,0,19,29,1,0,0
3,-1,0,0,4,14,0,0,0
3,-1,0,0,2,11,1,0,0
3,-1,0,0,2,23,0,0,0
3,-1,0,2,1,27,1,0,0
2,181,2,0,1,2,0,0,1
0,250,4,0,2,5,1,0,0
3,-1,0,2,1,15,1,0,0
3,-1,0,2,1,7,1,0,0
3,-1,0,0,1,12,1,0,0
3,-1,0,1,1,20,1,0,0
3,-1,0,2,1,28,1,0,0
3,-1,0,2,4,19,0,0,0
3,-1,0,2,1,19,1,0,0
3,-1,0,0,2,28,1,0,0
3,-1,0,0,3,13,1,0,0
3,-1,0,0,2,7,1,0,0
3,-1,0,0,1,8,0,0,0
3,-1,0,0,3,15,0,0,0
2,70,2,0,1,10,0,0,0
3,-1,0,1,1,13,0,0,0
3,-1,0,2,1,14,1,0,0
3,-1,0,0,2,31,0,0,0
3,-1,0,2,2,29,1,0,0
1,280,1,0,2,27,0,0,1
3,-1,0,0,1,20,0,0,0
3,-1,0,2,1,18,0,0,0
3,-1,0,0,1,18,0,0,0
3,-1,0,0,2,12,0,0,0
3,-1,0,0,4,25,1,0,0
3,-1,0,2,1,2,1,0,0
3,-1,0,2,22,15,0,0,0
3,-1,0,1,3,15,0,0,1
3,-1,0,2,1,5,0,0,0
3,-1,0,0,3,21,1,0,0
0,177,2,0,3,14,1,0,0
3,-1,0,2,1,26,0,0,0
3,-1,0,0,2,7,0,0,0
3,-1,0,2,2,23,1,0,0
3,-1,0,0,2,5,0,0,0
3,-1,0,0,2,29,0,0,0
3,-1,0,0,2,21,1,0,0
0,126,2,0,1,18,1,0,0
3,-1,0,0,3,19,0,0,1
3,-1,0,0,1,18,1,0,1
3,-1,0,0,7,22,0,0,0
3,-1,0,0,9,5,0,0,0
3,-1,0,0,1,14,0,0,0
3,-1,0,0,2,7,1,0,0
3,-1,0,0,1,17,1,0,0
0,348,5,0,7,18,1,0,0
3,-1,0,2,1,14,1,0,0
3,-1,0,0,2,12,0,0,0
3,-1,0,0,1,29,0,0,0
2,106,2,0,2,20,0,0,0
3,-1,0,2,1,29,1,0,0
3,-1,0,2,12,19,1,0,0
3,-1,0,2,2,6,0,0,0
3,-1,0,1,1,22,0,0,1
3,-1,0,0,3,22,1,0,0
3,-1,0,0,1,19,0,0,0
3,-1,0,0,1,11,1,0,0
3,-1,0,0,1,5,1,0,0
3,-1,0,0,4,13,1,0,0
3,-1,0,0,11,9,1,0,0
3,-1,0,2,3,4,1,0,0
3,-1,0,0,1,21,1,0,0
3,-1,0,0,4,13,0,0,0
3,-1,0,0,3,18,0,0,0
3,-1,0,2,1,9,1,0,0
3,-1,0,0,4,20,0,0,0
3,-1,0,0,1,7,0,0,0
3,-1,0,2,2,6,0,0,0
3,-1,0,0,1,17,1,0,0
3,-1,0,0,1,15,0,0,1
3,-1,0,0,3,11,1,0,0
3,-1,0,2,3,7,1,0,0
0,313,1,0,3,7,1,0,0
3,-1,0,2,1,7,1,0,0
3,-1,0,0,1,28,0,0,0
3,-1,0,0,1,14,1,0,0
2,369,2,0,2,26,1,0,1
3,-1,0,0,1,2,1,0,0
3,-1,0,0,2,15,1,0,0
3,-1,0,0,4,22,0,0,0
3,-1,0,0,4,15,1,0,0
0,259,9,0,1,29,1,0,0
3,-1,0,0,1,17,1,0,0
1,240,8,0,2,29,0,0,0
3,-1,0,2,4,20,0,0,0
0,341,2,0,3,20,1,0,0
0,96,2,0,3,18,1,0,0
3,-1,0,0,3,6,0,0,0
0,355,5,0,3,18,1,0,0
3,-1,0,0,2,3,0,0,0
3,-1,0,0,1,19,1,0,0
3,-1,0,2,2,20,0,0,0
3,-1,0,2,2,20,1,0,0
3,-1,0,0,4,25,0,0,0
3,-1,0,2,3,5,0,0,0
3,-1,0,2,5,19,0,0,0
3,-1,0,0,1,28,0,0,0
1,182,2,0,4,21,0,0,0
3,-1,0,2,1,9,1,0,0
3,-1,0,2,3,18,0,0,0
3,-1,0,0,2,18,1,0,0
3,-1,0,0,2,20,1,0,0
3,-1,0,2,1,14,1,0,0
3,-1,0,2,1,20,1,0,0
3,-1,0,2,5,9,1,0,0
0,162,2,1,1,18,0,0,0
3,-1,0,0,1,10,1,0,0
3,-1,0,0,4,10,1,0,0
3,-1,0,2,1,11,0,0,0
3,-1,0,2,3,28,1,0,0
3,-1,0,0,1,17,1,0,0
3,-1,0,0,2,12,0,0,0
0,329,4,0,4,1,1,0,0
3,-1,0,0,1,22,0,0,0
3,-1,0,0,1,13,1,0,0
3,-1,0,2,1,13,1,0,0
1,155,3,0,1,21,1,0,0
3,-1,0,0,4,7,0,0,0
3,-1,0,0,7,28,0,0,0
0,478,2,0,1,10,1,0,0
2,166,3,2,1,1,0,0,0
3,-1,0,2,1,16,0,0,0
1,175,1,0,1,19,1,0,0
1,94,3,0,1,28,0,0,1
3,-1,0,2,3,25,1,0,0
3,-1,0,0,7,6,1,0,0
3,-1,0,0,2,18,1,0,0
0,93,1,0,1,26,0,0,0
0,143,1,0,2,21,0,0,0
3,-1,0,2,2,28,1,0,0
3,-1,0,0,2,14,0,0,0
3,-1,0,0,5,18,1,0,0
3,-1,0,0,2,8,0,0,0
2,174,2,1,2,19,1,0,0
3,-1,0,0,2,6,1,0,0
3,-1,0,0,6,11,1,0,0
3,-1,0,1,1,8,0,0,0
3,-1,0,0,1,30,1,0,0
3,-1,0,2,3,16,1,0,0
3,-1,0,0,1,28,0,0,0
3,-1,0,0,2,27,0,0,1
3,-1,0,0,5,28,0,0,1
3,-1,0,0,2,11,1,0,0
3,-1,0,2,2,13,1,0,0
0,359,1,0,1,7,1,0,0
3,-1,0,0,1,18,0,0,1
3,-1,0,0,4,14,0,0,0
3,-1,0,0,4,12,0,0,1
3,-1,0,2,3,20,0,0,0
3,-1,0,2,2,23,0,0,0
3,-1,0,0,1,13,0,0,0
3,-1,0,0,2,25,1,0,0
3,-1,0,2,1,23,1,0,0
0,64,1,0,1,30,1,0,0
3,-1,0,0,2,12,0,0,0
3,-1,0,0,5,20,0,0,0
2,454,3,0,2,17,1,0,0
3,-1,0,0,1,28,0,0,1
3,-1,0,0,1,4,0,0,0
3,-1,0,0,3,28,0,0,0
3,-1,0,0,2,17,1,0,0
3,-1,0,0,4,12,0,0,0
3,-1,0,2,10,20,0,0,0
0,177,1,1,1,19,0,0,0
3,-1,0,2,3,7,1,0,0
3,-1,0,0,7,15,1,0,0
3,-1,0,2,3,20,1,0,0
3,-1,0,0,2,6,0,0,1
3,-1,0,2,1,12,0,0,0
3,-1,0,0,4,20,0,0,0
3,-1,0,0,2,28,0,0,0
1,163,4,0,1,21,1,0,0
3,-1,0,0,2,7,0,0,0
3,-1,0,2,1,6,0,0,0
3,-1,0,0,1,14,1,0,0
3,-1,0,2,1,6,1,0,0
3,-1,0,0,2,6,0,0,0
3,-1,0,0,1,18,1,0,0
1,43,8,0,3,13,0,0,1
3,-1,0,0,2,11,1,0,0
3,-1,0,0,13,29,0,0,0
3,-1,0,0,4,29,1,0,0
0,269,2,0,2,16,1,0,0
3,-1,0,0,5,11,1,0,0
3,-1,0,1,2,14,0,0,0
2,91,1,0,1,10,0,0,1
0,119,1,1,1,21,0,0,0
3,-1,0,0,2,19,0,0,0
0,151,3,0,3,20,1,0,0
3,-1,0,2,3,26,0,0,0
3,-1,0,0,3,13,1,0,1
3,-1,0,2,3,5,0,0,1
3,-1,0,0,1,16,1,0,0
3,-1,0,2,5,18,0,0,0
3,-1,0,0,1,16,1,0,0
3,-1,0,2,1,6,1,0,0
3,-1,0,0,3,18,0,0,0
3,-1,0,0,1,30,0,0,1
3,-1,0,0,2,14,1,0,0
3,-1,0,2,1,27,1,0,0
3,-1,0,0,4,19,1,0,0
3,-1,0,2,6,3,1,0,0
3,-1,0,0,3,20,0,0,0
3,-1,0,2,2,9,0,0,1
3,-1,0,0,2,30,1,0,1
3,-1,0,0,16,18,1,0,0
3,-1,0,2,5,6,0,0,0
3,-1,0,2,2,12,0,0,0
3,-1,0,0,1,19,1,0,0
0,300,5,1,2,11,1,0,0
3,-1,0,0,1,3,0,0,0
3,-1,0,2,1,3,0,0,0
3,-1,0,0,2,14,1,0,0
3,-1,0,0,3,21,0,0,0
3,-1,0,0,3,7,1,0,0
3,-1,0,0,1,11,0,0,0
3,-1,0,0,1,16,0,0,0
3,-1,0,0,2,4,0,0,0
2,91,4,0,1,21,0,0,1
1,95,1,0,2,5,1,0,1
3,-1,0,2,1,15,1,0,0
1,391,11,0,1,6,0,0,0
3,-1,0,2,1,6,0,0,0
3,-1,0,0,5,19,0,0,0
0,247,2,0,1,28,1,0,0
3,-1,0,2,1,23,0,0,0
3,-1,0,2,2,1,0,0,0
3,-1,0,0,1,16,1,0,0
3,-1,0,0,1,16,1,0,0
0,300,2,0,1,11,1,0,0
3,-1,0,0,3,30,1,0,0
0,351,11,0,8,5,1,0,0
3,-1,0,2,1,23,1,0,0
3,-1,0,2,1,26,1,0,0
3,-1,0,2,7,12,0,0,1
3,-1,0,2,1,16,1,0,0
3,-1,0,0,3,7,0,0,1
3,-1,0,0,1,28,0,0,0
3,-1,0,0,1,19,1,0,0
3,-1,0,0,3,21,0,0,0
3,-1,0,2,2,20,0,0,0
1,154,3,0,2,18,1,0,0
2,95,2,0,1,22,0,0,1
1,332,2,0,1,20,0,0,0
1,381,2,2,1,11,0,0,0
3,-1,0,0,3,18,0,0,0
3,-1,0,0,1,6,1,0,0
3,-1,0,2,3,5,1,0,0
0,357,1,0,3,15,1,0,0
3,-1,0,1,1,22,0,0,1
3,-1,0,2,2,29,1,0,0
3,-1,0,2,1,5,0,0,0
3,-1,0,2,4,26,1,0,1
0,239,1,0,3,29,1,0,0
3,-1,0,0,5,19,0,0,0
2,140,3,0,1,2,0,0,0
3,-1,0,0,1,9,0,0,0
3,-1,0,1,1,9,1,0,0
3,-1,0,0,2,7,1,0,0
0,319,1,0,4,14,1,0,0
3,-1,0,0,5,13,1,0,0
0,61,9,0,2,29,1,0,0
0,243,1,0,1,4,0,0,0
3,-1,0,1,1,19,1,0,0
2,95,2,0,1,22,1,0,1
2,94,4,1,1,22,0,0,0
3,-1,0,0,2,22,0,0,1
3,-1,0,0,2,17,0,0,0
3,-1,0,0,2,11,1,0,0
1,216,1,0,1,2,0,0,0
3,-1,0,0,2,19,1,0,0
3,-1,0,2,1,19,1,0,0
3,-1,0,1,1,18,1,0,0
3,-1,0,2,1,19,0,0,0
3,-1,0,2,3,9,0,0,0
3,-1,0,2,2,19,0,0,0
3,-1,0,0,10,16,1,0,0
3,-1,0,0,4,15,0,0,0
3,-1,0,2,12,20,0,0,0
3,-1,0,0,4,11,1,0,0
3,-1,0,2,1,5,1,0,0
3,-1,0,0,1,16,1,0,0
3,-1,0,0,5,31,1,0,0
3,-1,0,0,1,30,1,0,0
3,-1,0,0,1,4,0,0,0
3,-1,0,0,2,18,0,0,0
3,-1,0,1,3,29,0,0,0
0,249,2,0,2,2,1,0,0
3,-1,0,0,1,14,1,0,0
3,-1,0,2,3,16,0,0,0
3,-1,0,2,2,13,1,0,0
3,-1,0,0,4,28,0,0,0
3,-1,0,0,2,22,0,0,0
0,126,2,0,4,21,1,0,0
3,-1,0,0,1,29,1,0,0
3,-1,0,2,3,9,1,0,0
1,262,1,0,1,8,1,0,0
3,-1,0,2,20,20,1,0,0
1,228,1,0,7,2,1,0,0
3,-1,0,0,1,9,0,0,0
3,-1,0,0,1,8,1,0,0
3,-1,0,2,1,9,0,0,0
3,-1,0,0,3,28,0,0,0
3,-1,0,0,1,10,0,0,0
0,322,2,0,3,8,1,0,0
3,-1,0,2,4,14,1,0,0
0,182,1,0,1,19,1,0,0
3,-1,0,0,3,17,1,0,0
3,-1,0,0,2,18,1,0,0
3,-1,0,2,2,18,0,0,0
3,-1,0,0,7,16,0,0,0
3,-1,0,2,2,27,1,0,0
3,-1,0,2,6,15,1,0,0
3,-1,0,2,3,7,1,0,0
3,-1,0,2,2,27,1,0,0
3,-1,0,2,1,13,1,0,0
3,-1,0,2,2,5,1,0,0
3,-1,0,2,2,26,1,0,0
3,-1,0,0,1,25,0,0,1
3,-1,0,0,4,29,0,0,0
3,-1,0,0,2,8,0,0,0
2,181,5,0,1,9,0,0,1
3,-1,0,0,10,18,1,0,0
3,-1,0,1,1,11,0,0,1
3,-1,0,0,1,21,1,0,0
3,-1,0,0,3,20,0,0,0
3,-1,0,2,2,14,1,0,0
3,-1,0,0,2,5,0,0,0
3,-1,0,2,1,3,1,0,0
0,175,1,0,1,21,1,0,0
3,-1,0,2,4,30,0,0,0
3,-1,0,0,5,6,0,0,0
3,-1,0,0,3,14,0,0,0
2,88,1,0,2,2,0,0,1
3,-1,0,0,1,5,1,0,0
0,353,2,0,2,8,1,0,0
3,-1,0,2,3,5,1,0,0
3,-1,0,0,2,29,0,0,0
3,-1,0,0,1,4,0,0,0
3,-1,0,0,2,18,1,0,0
3,-1,0,2,3,12,0,0,0
3,-1,0,1,2,1,0,0,0
3,-1,0,0,1,6,1,0,0
3,-1,0,2,6,26,1,0,0
3,-1,0,2,2,9,0,0,0
3,-1,0,0,4,21,0,0,1
3,-1,0,0,1,21,0,0,0
3,-1,0,0,3,12,0,0,1
3,-1,0,2,9,20,0,0,0
3,-1,0,0,1,8,0,0,1
3,-1,0,0,1,14,0,0,0
3,-1,0,0,14,25,1,0,0
3,-1,0,2,2,3,1,0,0
3,-1,0,0,1,18,0,0,0
3,-1,0,2,1,2,1,0,0
3,-1,0,1,1,17,0,0,0
3,-1,0,0,2,18,1,0,0
3,-1,0,0,1,18,0,0,0
3,-1,0,0,2,29,1,0,0
3,-1,0,0,2,22,1,0,0
3,-1,0,0,2,28,1,0,0
0,272,2,0,2,4,1,0,0
3,-1,0,0,4,31,0,0,1
3,-1,0,2,1,27,1,0,0
3,-1,0,2,2,12,1,0,0
3,-1,0,2,1,20,0,0,0
3,-1,0,2,3,20,0,0,0
3,-1,0,0,2,20,0,0,0
3,-1,0,1,1,17,0,0,0
3,-1,0,2,1,30,1,0,0
3,-1,0,0,1,12,1,0,0
3,-1,0,0,2,5,1,0,0
3,-1,0,0,1,18,0,0,1
0,347,9,0,3,15,1,0,0
3,-1,0,0,2,27,1,0,0
3,-1,0,0,1,8,0,0,0
1,351,12,0,2,15,1,0,0
3,-1,0,2,5,28,1,0,0
0,91,1,0,1,4,0,0,0
3,-1,0,2,1,18,0,0,0
3,-1,0,0,1,27,0,0,0
3,-1,0,2,3,29,1,0,0
3,-1,0,2,3,3,0,0,0
3,-1,0,0,1,6,0,0,0
3,-1,0,2,1,5,0,0,0
3,-1,0,0,1,8,1,0,0
3,-1,0,0,2,9,1,0,0
3,-1,0,2,1,16,1,0,0
1,170,4,0,1,20,1,0,1
3,-1,0,2,1,18,0,0,0
0,165,2,0,2,18,1,0,0
0,170,1,0,1,6,1,0,0
0,113,8,0,4,21,1,0,0
3,-1,0,0,3,6,1,0,0
1,336,4,0,1,20,1,0,0
3,-1,0,0,1,3,1,0,0
3,-1,0,2,1,26,1,0,0
3,-1,0,0,2,29,0,0,0
3,-1,0,0,1,27,0,0,0
3,-1,0,0,8,7,0,0,0
0,369,2,0,1,11,1,0,0
3,-1,0,0,6,9,0,0,0
3,-1,0,2,1,3,1,0,0
3,-1,0,0,2,6,0,0,1
3,-1,0,2,2,5,0,0,0
3,-1,0,2,3,17,0,0,0
3,-1,0,0,1,11,0,0,0
3,-1,0,0,1,9,0,0,0
3,-1,0,0,2,22,1,0,0
3,-1,0,2,2,17,0,0,0
3,-1,0,0,1,2,1,0,0
0,153,3,0,2,26,0,0,0
3,-1,0,0,1,3,0,0,0
3,-1,0,0,1,22,1,0,0
3,-1,0,0,3,20,1,0,0
3,-1,0,2,1,13,0,0,0
0,368,4,0,1,12,1,0,0
3,-1,0,2,2,2,1,0,0
3,-1,0,2,1,20,1,0,0
3,-1,0,0,9,27,0,0,0
1,391,2,0,2,3,1,0,0
3,-1,0,0,1,7,1,0,0
3,-1,0,0,2,8,1,0,0
3,-1,0,0,1,28,0,0,0
0,77,9,0,1,24,0,0,0
3,-1,0,2,2,6,0,0,0
3,-1,0,0,27,31,0,0,0
3,-1,0,1,1,21,0,0,0
3,-1,0,2,4,9,0,0,0
3,-1,0,2,1,6,1,0,0
3,-1,0,2,5,24,0,0,0
3,-1,0,2,2,16,1,0,0
3,-1,0,2,1,19,0,0,0
3,-1,0,0,3,25,0,0,0
3,-1,0,0,2,28,0,0,0
3,-1,0,2,2,3,1,0,0
3,-1,0,2,1,7,1,0,0
3,-1,0,2,7,18,0,0,0
3,-1,0,0,1,20,1,0,0
3,-1,0,0,1,13,1,0,0
3,-1,0,0,1,29,1,0,0
3,-1,0,2,1,30,1,0,0
3,-1,0,0,3,27,0,0,0
0,371,2,0,3,12,1,0,0
3,-1,0,2,6,18,0,0,0
3,-1,0,2,4,12,1,0,0
3,-1,0,0,1,9,0,0,0
3,-1,0,0,4,7,1,0,0
3,-1,0,0,2,8,1,0,0
3,-1,0,2,6,17,0,0,0
3,-1,0,0,7,14,1,0,0
0,168,2,0,1,21,1,0,0
3,-1,0,0,4,11,1,0,0
3,-1,0,0,3,13,0,0,0
2,181,4,0,2,22,0,0,1
3,-1,0,2,2,12,0,0,0
3,-1,0,0,2,20,1,0,0
3,-1,0,2,1,11,0,0,0
3,-1,0,2,4,8,1,0,0
0,353,2,0,2,14,1,0,0
2,247,2,0,1,28,1,0,0
3,-1,0,2,1,12,0,0,0
3,-1,0,0,8,31,1,0,0
3,-1,0,0,5,25,1,0,0
3,-1,0,2,6,12,1,0,0
3,-1,0,2,1,16,1,0,0
3,-1,0,2,4,4,0,0,0
3,-1,0,2,5,12,0,0,0
0,98,2,0,1,6,1,0,1
3,-1,0,2,2,3,1,0,0
3,-1,0,0,1,27,0,0,0
3,-1,0,0,1,29,1,0,0
3,-1,0,0,2,15,1,0,0
3,-1,0,0,2,13,1,0,0
3,-1,0,0,1,12,1,0,0
3,-1,0,2,1,4,1,0,0
3,-1,0,0,5,28,0,0,0
3,-1,0,1,1,11,1,0,0
3,-1,0,0,5,6,0,0,0
3,-1,0,2,2,12,0,0,0
3,-1,0,0,3,16,0,0,0
3,-1,0,2,9,17,1,0,0
0,690,3,1,2,8,1,0,1
3,-1,0,2,2,2,1,0,0
3,-1,0,0,1,29,0,0,0
3,-1,0,0,1,21,0,0,0
3,-1,0,0,3,7,1,0,0
3,-1,0,0,2,14,1,0,1
3,-1,0,2,2,21,1,0,0
1,207,1,0,2,2,1,0,0
3,-1,0,0,2,11,0,0,0
3,-1,0,2,1,19,0,0,0
0,298,3,1,2,8,1,0,0
3,-1,0,0,2,16,0,0,0
3,-1,0,0,1,7,0,0,0
3,-1,0,0,1,9,1,0,0
3,-1,0,0,4,31,1,0,0
3,-1,0,0,4,29,1,0,0
3,-1,0,0,2,21,0,0,0
3,-1,0,0,1,23,1,0,0
2,193,4,0,6,27,0,0,1
3,-1,0,0,1,21,1,0,0
3,-1,0,0,2,17,1,0,0
3,-1,0,0,4,20,1,0,0
3,-1,0,2,1,17,0,0,0
3,-1,0,0,2,22,1,0,0
1,321,14,0,2,18,1,0,0
3,-1,0,2,1,20,1,0,0
3,-1,0,0,1,4,0,0,0
3,-1,0,0,5,12,1,0,1
0,178,3,0,3,18,0,0,0
3,-1,0,0,1,10,1,0,0
3,-1,0,0,4,9,0,0,0
3,-1,0,0,1,28,1,0,0
3,-1,0,0,3,2,0,0,0
3,-1,0,2,4,16,0,0,0
3,-1,0,2,2,29,1,0,0
0,353,2,0,3,11,1,0,0
3,-1,0,0,10,15,0,0,0
3,-1,0,1,1,8,0,0,0
3,-1,0,0,3,22,1,0,0
3,-1,0,0,4,19,0,0,0
3,-1,0,2,2,9,1,0,0
3,-1,0,2,1,23,1,0,0
3,-1,0,0,1,19,0,0,1
3,-1,0,0,2,31,1,0,0
0,297,4,0,1,15,1,0,0
3,-1,0,0,1,18,1,0,0
3,-1,0,2,3,12,1,0,0
3,-1,0,2,1,15,1,0,0
3,-1,0,2,1,20,0,0,0
3,-1,0,2,12,20,0,0,0
3,-1,0,0,1,23,1,0,0
1,369,1,0,2,13,1,0,0
3,-1,0,0,1,6,1,0,0
1,192,8,0,1,5,1,0,0
3,-1,0,0,1,25,0,0,0
3,-1,0,2,1,5,0,0,0
3,-1,0,0,4,23,1,0,0
3,-1,0,0,1,2,0,0,1
0,146,5,0,4,16,1,0,0
3,-1,0,2,2,28,1,0,0
3,-1,0,2,1,7,1,0,0
3,-1,0,1,5,5,1,0,0
3,-1,0,0,4,22,1,0,0
2,377,1,1,1,13,0,0,1
3,-1,0,2,1,16,1,0,0
3,-1,0,0,1,8,1,0,1
3,-1,0,0,1,14,1,0,0
3,-1,0,2,1,14,1,0,0
3,-1,0,0,1,17,0,0,0
3,-1,0,2,2,26,0,0,0
3,-1,0,0,1,4,0,0,0
3,-1,0,1,1,22,0,0,0
0,166,2,0,1,19,0,0,0
3,-1,0,0,1,17,0,0,0
3,-1,0,0,6,31,0,0,0
3,-1,0,2,1,14,0,0,0
3,-1,0,0,1,3,0,0,0
3,-1,0,0,1,5,0,0,0
0,352,1,0,2,14,1,0,0
3,-1,0,2,2,30,1,0,0
3,-1,0,0,3,11,1,0,0
3,-1,0,0,1,7,1,0,0
2,182,2,0,1,13,1,0,1
3,-1,0,0,2,28,0,0,0
3,-1,0,0,3,28,0,0,0
0,369,1,0,1,11,1,0,0
0,391,3,0,2,4,1,0,1
0,359,3,0,1,13,1,0,0
3,-1,0,0,1,24,0,0,0
3,-1,0,2,1,19,1,0,0
0,154,5,0,7,21,0,0,0
3,-1,0,0,1,5,1,0,0
3,-1,0,2,1,23,1,0,0
3,-1,0,2,1,16,0,0,0
3,-1,0,2,1,8,1,0,0
3,-1,0,2,2,19,1,0,0
3,-1,0,0,1,7,1,0,0
3,-1,0,0,2,24,0,0,0
3,-1,0,0,2,15,0,0,0
3,-1,0,2,1,18,0,0,0
3,-1,0,2,1,20,0,0,0
3,-1,0,0,4,20,1,0,1
2,128,8,0,2,4,0,0,0
3,-1,0,2,5,27,1,0,0
3,-1,0,0,2,3,0,0,1
3,-1,0,0,1,20,1,0,0
3,-1,0,2,2,16,1,0,0
3,-1,0,0,2,11,1,0,0
3,-1,0,2,1,21,0,0,0
2,181,3,0,1,20,0,0,1
3,-1,0,0,1,10,0,0,0
3,-1,0,0,4,29,0,0,0
3,-1,0,2,1,2,1,0,0
3,-1,0,0,4,18,0,0,0
3,-1,0,0,3,7,1,0,0
1,350,9,0,7,18,1,0,0
0,363,1,0,1,12,1,0,0
3,-1,0,0,1,30,0,0,0
3,-1,0,2,3,14,1,0,0
3,-1,0,1,1,24,1,0,0
1,189,1,1,4,29,0,0,0
3,-1,0,0,2,21,1,0,0
3,-1,0,2,3,7,1,0,0
3,-1,0,0,2,11,1,0,0
3,-1,0,0,1,17,1,0,0
0,320,2,0,2,15,1,0,0
3,-1,0,2,1,30,1,0,0
3,-1,0,2,6,13,1,0,0
3,-1,0,2,1,12,0,0,0
3,-1,0,1,3,28,0,0,0
3,-1,0,0,3,28,1,0,0
3,-1,0,2,3,15,1,0,0
0,92,7,0,2,1,0,0,0
3,-1,0,2,2,27,1,0,0
3,-1,0,1,2,11,1,0,0
0,131,1,0,1,18,1,0,0
0,95,16,0,2,11,0,0,0
3,-1,0,0,1,17,1,0,0
3,-1,0,2,1,13,1,0,1
3,-1,0,0,1,29,1,0,0
3,-1,0,2,1,19,1,0,0
3,-1,0,2,2,23,1,0,0
1,64,6,0,1,12,1,0,0
3,-1,0,0,1,22,1,0,0
3,-1,0,2,6,12,1,0,0
3,-1,0,0,14,31,1,0,0
3,-1,0,2,2,26,1,0,0
3,-1,0,0,3,31,0,0,0
3,-1,0,0,4,18,1,0,1
3,-1,0,2,1,26,1,0,0
0,247,1,0,2,29,1,0,0
3,-1,0,2,3,27,1,0,0
0,140,2,0,1,7,1,0,0
0,271,1,0,2,2,1,0,0
3,-1,0,2,1,16,0,0,0
3,-1,0,0,1,21,0,0,0
3,-1,0,0,1,15,1,0,0
3,-1,0,1,6,18,1,0,0
3,-1,0,0,10,25,1,0,0
0,111,10,0,2,19,1,0,0
3,-1,0,0,1,19,0,0,0
3,-1,0,0,2,18,1,0,0
3,-1,0,2,4,2,1,0,0
3,-1,0,2,2,5,1,0,0
3,-1,0,2,1,29,1,0,0
3,-1,0,2,1,28,1,0,0
3,-1,0,0,2,20,0,0,0
3,-1,0,2,2,16,0,0,0
3,-1,0,0,2,18,1,0,0
3,-1,0,2,2,14,1,0,0
3,-1,0,0,3,9,1,0,0
2,183,4,0,1,13,1,0,1
2,651,1,2,1,12,1,0,0
3,-1,0,0,2,14,0,0,1
3,-1,0,2,3,8,1,0,0
0,363,4,0,2,13,1,0,0
3,-1,0,2,2,15,1,0,0
3,-1,0,0,6,2,0,0,0
3,-1,0,0,4,7,1,0,0
0,283,2,0,2,20,1,0,0
3,-1,0,2,2,6,1,0,0
0,352,3,0,5,6,1,0,0
3,-1,0,2,1,6,0,0,0
3,-1,0,0,1,8,0,0,0
3,-1,0,0,3,17,0,0,0
3,-1,0,0,1,10,1,0,0
3,-1,0,2,4,17,0,0,0
3,-1,0,0,4,6,1,0,0
1,164,4,0,2,29,0,0,0
3,-1,0,2,9,19,1,0,0
3,-1,0,2,1,20,0,0,0
3,-1,0,0,1,30,1,0,0
1,87,2,0,1,30,0,0,1
3,-1,0,1,1,20,0,0,0
3,-1,0,0,2,29,0,0,0
3,-1,0,0,2,5,0,0,0
3,-1,0,0,5,18,0,0,0
3,-1,0,2,1,23,1,0,0
0,592,2,2,1,1,1,0,0
3,-1,0,2,1,13,1,0,0
0,365,1,0,1,13,1,0,0
3,-1,0,1,1,21,0,0,1
3,-1,0,2,3,17,1,0,0
3,-1,0,2,1,15,1,0,0
0,275,2,0,6,6,1,0,0
3,-1,0,2,3,6,1,0,0
3,-1,0,0,2,18,0,0,0
3,-1,0,2,1,7,1,0,0
3,-1,0,0,7,28,0,0,0
0,364,13,0,5,18,1,0,0
3,-1,0,2,2,6,1,0,0
3,-1,0,0,2,17,0,0,0
3,-1,0,0,1,21,1,0,0
3,-1,0,1,2,30,0,0,0
0,190,2,0,4,20,1,0,0
1,199,3,0,2,9,0,0,0
3,-1,0,1,3,28,1,0,0
3,-1,0,0,3,19,0,0,0
3,-1,0,0,1,21,1,0,0
3,-1,0,0,5,14,0,0,0
0,294,5,0,3,15,1,0,0
3,-1,0,0,4,30,0,0,0
3,-1,0,2,1,5,1,0,0
3,-1,0,0,2,3,0,0,0
3,-1,0,2,1,13,0,0,0
3,-1,0,0,1,21,1,0,0
3,-1,0,2,2,30,1,0,0
1,345,1,0,1,14,1,0,0
3,-1,0,0,2,25,1,0,0
1,307,1,0,1,7,1,0,0
3,-1,0,2,1,6,0,0,0
3,-1,0,0,1,17,1,0,0
3,-1,0,2,2,20,1,0,0
3,-1,0,0,2,2,0,0,0
3,-1,0,0,1,10,1,0,0
0,152,1,0,1,20,1,0,0
0,119,2,0,2,17,0,0,0
1,344,3,0,2,12,1,0,0
3,-1,0,0,1,5,1,0,0
3,-1,0,0,3,7,1,0,1
3,-1,0,2,1,6,0,0,0
3,-1,0,2,2,8,0,0,0
3,-1,0,2,2,27,0,0,0
3,-1,0,2,2,19,1,0,0
3,-1,0,0,1,2,1,0,0
3,-1,0,2,2,6,1,0,0
3,-1,0,1,2,23,1,0,0
3,-1,0,0,14,29,0,0,0
3,-1,0,0,1,3,0,0,0
1,315,2,0,2,9,1,0,1
0,299,1,0,1,6,1,0,0
3,-1,0,1,3,4,0,0,0
3,-1,0,2,3,7,1,0,0
0,273,1,0,2,2,0,0,1
3,-1,0,0,3,3,0,0,0
3,-1,0,1,1,17,1,0,0
3,-1,0,0,4,26,0,0,1
3,-1,0,2,2,18,0,0,1
3,-1,0,0,2,23,1,0,0
3,-1,0,2,5,9,1,0,0
3,-1,0,2,1,6,1,0,0
3,-1,0,0,3,7,1,0,0
3,-1,0,2,2,5,0,0,0
3,-1,0,2,2,14,1,0,0
3,-1,0,2,5,20,0,0,0
3,-1,0,2,30,18,1,0,0
2,96,2,0,4,18,0,0,0
3,-1,0,0,1,28,0,0,0
3,-1,0,0,2,14,1,0,0
3,-1,0,2,1,3,1,0,0
3,-1,0,0,1,6,0,0,1
3,-1,0,0,3,18,0,0,0
1,156,4,0,2,10,0,0,1
3,-1,0,0,1,10,1,0,0
3,-1,0,1,1,7,0,0,0
3,-1,0,0,3,14,0,0,0
3,-1,0,0,2,17,1,0,0
3,-1,0,2,4,16,0,0,0
1,258,1,0,1,28,1,0,0
3,-1,0,0,1,3,0,0,1
3,-1,0,0,4,30,0,0,0
3,-1,0,0,4,27,1,0,0
0,150,2,0,1,17,1,0,0
3,-1,0,2,1,19,0,0,0
1,365,9,0,1,12,0,0,1
3,-1,0,0,2,17,0,0,0
3,-1,0,2,1,14,1,0,0
3,-1,0,2,1,4,0,0,0
3,-1,0,2,1,26,1,0,0
3,-1,0,0,11,21,1,0,0
3,-1,0,0,2,31,1,0,1
3,-1,0,2,1,13,1,0,0
3,-1,0,0,3,7,1,0,1
3,-1,0,0,2,30,1,0,0
0,361,1,0,1,12,1,0,0
3,-1,0,0,1,10,1,0,0
3,-1,0,2,1,4,1,0,1
3,-1,0,2,2,20,1,0,0
3,-1,0,2,4,16,1,0,0
3,-1,0,0,2,28,0,0,0
3,-1,0,0,1,26,0,0,0
0,350,2,0,3,18,1,0,0
3,-1,0,0,6,11,0,0,0
3,-1,0,2,2,5,0,0,0
3,-1,0,0,4,17,1,0,0
3,-1,0,1,1,4,0,0,0
2,94,3,0,2,4,0,0,1
2,81,2,0,1,1,0,0,1
3,-1,0,2,1,17,0,0,0
3,-1,0,0,5,15,1,0,0
3,-1,0,0,1,4,0,0,0
3,-1,0,2,1,28,1,0,0
3,-1,0,2,8,28,1,0,0
3,-1,0,0,1,13,1,0,0
3,-1,0,0,1,17,1,0,0
3,-1,0,2,1,7,1,0,0
3,-1,0,0,2,22,1,0,0
3,-1,0,0,6,21,1,0,0
0,358,6,0,5,13,0,0,0
3,-1,0,2,2,30,1,0,0
0,273,2,0,5,6,1,0,0
3,-1,0,0,3,21,1,0,0
3,-1,0,2,6,27,1,0,0
3,-1,0,2,2,19,1,0,0
3,-1,0,0,1,2,0,0,0
3,-1,0,2,1,14,0,0,0
0,526,2,2,1,12,0,0,0
3,-1,0,2,2,6,1,0,0
3,-1,0,2,1,29,1,0,0
3,-1,0,0,4,31,0,0,0
3,-1,0,2,1,5,1,0,0
0,193,1,0,1,13,0,0,0
3,-1,0,0,1,20,0,0,1
3,-1,0,0,8,28,0,0,0
3,-1,0,0,1,30,1,0,0
3,-1,0,0,1,7,1,0,0
3,-1,0,2,2,4,0,0,0
0,369,5,0,4,12,1,0,0
0,174,1,0,1,19,1,0,0
3,-1,0,0,1,20,1,0,0
3,-1,0,2,8,2,1,0,0
3,-1,0,0,1,10,0,0,0
1,122,1,0,1,20,0,0,0
3,-1,0,0,1,8,1,0,0
3,-1,0,0,1,15,0,0,0
3,-1,0,2,1,6,0,0,0
3,-1,0,0,3,12,1,0,0
3,-1,0,0,14,29,0,0,0
3,-1,0,2,3,30,1,0,0
3,-1,0,0,3,30,0,0,0
1,70,2,0,1,30,1,0,0
3,-1,0,0,1,3,0,0,0
3,-1,0,0,1,4,1,0,0
3,-1,0,0,1,6,1,0,1
3,-1,0,0,2,15,1,0,0
3,-1,0,2,2,16,1,0,0
2,102,4,0,1,14,1,0,0
3,-1,0,2,1,27,1,0,0
3,-1,0,2,3,20,0,0,0
3,-1,0,0,2,3,0,0,0
3,-1,0,0,1,4,1,0,0
3,-1,0,0,2,22,1,0,0
3,-1,0,0,2,21,0,0,1
3,-1,0,0,2,12,1,0,1
3,-1,0,1,1,18,1,0,1
3,-1,0,0,2,25,1,0,0
3,-1,0,0,3,17,0,0,0
0,191,2,1,3,9,0,0,0
3,-1,0,2,1,30,1,0,0
3,-1,0,0,4,20,1,0,0
3,-1,0,2,11,3,0,0,0
3,-1,0,0,2,12,1,0,0
3,-1,0,0,2,7,0,0,1
3,-1,0,2,5,30,1,0,0
0,279,4,0,2,6,1,0,0
3,-1,0,2,2,27,1,0,0
3,-1,0,2,2,26,1,0,1
3,-1,0,2,1,12,1,0,0
3,-1,0,2,1,26,1,0,0
3,-1,0,2,2,26,1,0,0
3,-1,0,0,1,28,1,0,0
3,-1,0,0,17,31,0,0,0
3,-1,0,0,2,30,0,0,1
0,331,1,0,2,16,1,0,0
3,-1,0,2,4,15,1,0,0
3,-1,0,2,2,5,1,0,0
3,-1,0,0,2,26,0,0,0
3,-1,0,2,15,29,1,0,0
3,-1,0,0,2,8,0,0,0
3,-1,0,2,2,30,1,0,0
3,-1,0,0,1,14,0,0,0
0,343,4,0,1,6,1,0,1
3,-1,0,0,2,30,1,0,0
3,-1,0,2,2,27,0,0,0
3,-1,0,0,1,29,0,0,0
3,-1,0,2,2,16,1,0,0
3,-1,0,2,6,16,0,0,0
3,-1,0,0,2,14,1,0,1
3,-1,0,0,2,18,0,0,0
3,-1,0,2,2,11,0,0,1
3,-1,0,2,7,12,1,0,0
3,-1,0,2,4,2,1,0,0
3,-1,0,0,3,24,1,0,0
3,-1,0,2,2,12,0,0,0
3,-1,0,0,1,5,0,0,0
3,-1,0,2,1,20,1,0,0
3,-1,0,2,1,20,0,0,0
3,-1,0,2,4,2,1,0,1
1,361,1,0,1,12,1,0,0
3,-1,0,0,7,11,0,0,1
3,-1,0,2,1,20,1,0,0
1,238,9,0,3,2,1,0,0
3,-1,0,0,7,18,0,0,1
3,-1,0,0,5,12,0,0,0
3,-1,0,2,1,18,0,0,0
3,-1,0,2,2,3,1,0,0
3,-1,0,2,1,26,1,0,0
3,-1,0,0,4,6,0,0,0
1,188,1,0,1,17,1,0,0
3,-1,0,2,1,15,1,0,0
3,-1,0,0,2,2,0,0,1
3,-1,0,0,3,17,1,0,0
0,362,1,0,3,5,1,0,0
3,-1,0,2,3,13,1,0,0
3,-1,0,0,2,24,1,0,0
3,-1,0,0,1,18,1,0,0
0,168,1,0,3,6,1,0,0
3,-1,0,0,1,10,1,0,0
3,-1,0,0,2,14,1,0,0
3,-1,0,2,3,2,1,0,0
3,-1,0,2,2,12,1,0,0
3,-1,0,0,1,22,1,0,0
3,-1,0,2,2,12,1,0,0
3,-1,0,2,2,2,0,0,0
3,-1,0,0,9,22,0,0,0
3,-1,0,2,3,20,1,0,1
3,-1,0,0,1,4,1,0,0
3,-1,0,0,2,6,0,0,0
3,-1,0,0,4,25,0,0,0
3,-1,0,0,1,15,1,0,1
3,-1,0,0,2,20,1,0,0
3,-1,0,0,1,2,0,0,1
3,-1,0,0,4,6,0,0,0
3,-1,0,0,12,25,0,0,0
2,181,2,0,1,13,0,0,1
3,-1,0,2,1,15,1,0,0
3,-1,0,0,4,18,0,0,1
3,-1,0,2,6,4,1,0,0
3,-1,0,0,3,18,0,0,0
2,98,5,0,1,1,1,0,1
3,-1,0,2,5,19,1,0,0
0,368,5,0,1,15,1,0,0
3,-1,0,0,2,23,0,0,0
3,-1,0,0,2,30,0,0,1
3,-1,0,0,2,11,0,0,0
3,-1,0,0,5,13,0,0,1
3,-1,0,0,1,29,0,0,1
3,-1,0,2,1,13,1,0,0
3,-1,0,2,3,9,0,0,0
3,-1,0,0,5,10,0,0,0
1,206,7,0,1,29,1,0,0
3,-1,0,0,2,19,0,0,0
3,-1,0,0,2,11,1,0,0
3,-1,0,0,2,29,0,0,0
3,-1,0,0,1,10,0,0,0
3,-1,0,1,1,29,1,0,1
0,173,2,0,3,11,1,0,0
3,-1,0,0,4,19,0,0,0
3,-1,0,0,2,6,0,0,0
3,-1,0,0,3,28,1,0,0
3,-1,0,0,1,21,1,0,0
3,-1,0,0,1,5,0,0,0
3,-1,0,0,8,20,1,0,0
3,-1,0,0,1,6,0,0,0
3,-1,0,2,2,16,0,0,0
0,292,1,0,2,13,1,0,1
3,-1,0,0,3,14,1,0,0
0,589,4,0,1,23,1,0,0
3,-1,0,0,1,24,0,0,0
3,-1,0,0,3,18,1,0,1
3,-1,0,0,3,9,1,0,0
3,-1,0,0,1,7,0,0,0
3,-1,0,2,1,18,0,0,0
3,-1,0,0,1,18,1,0,0
3,-1,0,0,3,28,0,0,0
3,-1,0,0,4,6,0,0,1
3,-1,0,0,2,20,1,0,0
3,-1,0,0,3,30,0,0,0
0,358,2,0,3,26,1,0,0
0,189,1,1,1,19,1,0,0
3,-1,0,2,3,6,0,0,0
3,-1,0,2,2,20,1,0,0
3,-1,0,2,3,2,1,0,0
3,-1,0,2,1,28,1,0,0
3,-1,0,1,2,18,1,0,0
3,-1,0,0,1,10,1,0,0
0,241,1,0,1,29,1,0,0
3,-1,0,2,1,5,1,0,0
3,-1,0,2,1,15,1,0,0
3,-1,0,2,2,30,1,0,1
3,-1,0,0,1,11,1,0,0
3,-1,0,2,5,9,1,0,0
3,-1,0,2,3,16,0,0,0
3,-1,0,0,2,5,1,0,0
3,-1,0,2,3,5,1,0,0
3,-1,0,2,7,2,1,0,0
0,178,5,0,5,20,0,0,0
3,-1,0,2,1,2,1,0,0
0,171,4,0,4,21,1,0,0
0,323,1,0,1,8,0,0,0
3,-1,0,2,9,19,0,0,0
0,169,3,0,1,28,0,0,0
3,-1,0,2,1,4,0,0,0
3,-1,0,2,2,5,1,0,0
3,-1,0,2,5,20,0,0,0
3,-1,0,2,6,16,1,0,0
3,-1,0,2,3,7,1,0,0
3,-1,0,2,2,18,0,0,0
3,-1,0,0,7,27,1,0,0
3,-1,0,0,1,20,1,0,1
3,-1,0,1,1,16,0,0,1
3,-1,0,0,2,9,1,0,0
3,-1,0,0,1,4,1,0,0
3,-1,0,2,16,2,1,0,0
3,-1,0,0,4,21,0,0,0
0,161,1,0,1,23,1,0,1
3,-1,0,0,3,8,1,0,0
3,-1,0,0,3,8,0,0,0
3,-1,0,2,1,17,0,0,0
3,-1,0,0,1,6,0,0,0
3,-1,0,2,1,19,0,0,0
3,-1,0,0,4,21,0,0,0
3,-1,0,2,1,20,1,0,0
0,299,3,0,1,13,1,0,0
3,-1,0,0,6,20,0,0,0
3,-1,0,0,1,23,0,0,0
3,-1,0,2,1,30,1,0,0
0,361,2,0,1,8,1,0,0
3,-1,0,2,2,27,1,0,1
1,150,4,0,2,20,1,0,0
3,-1,0,2,1,7,1,0,0
3,-1,0,2,1,5,1,0,0
3,-1,0,1,6,30,0,0,0
3,-1,0,0,6,20,1,0,0
3,-1,0,0,2,25,0,0,0
3,-1,0,2,1,29,1,0,0
3,-1,0,0,5,25,1,0,0
3,-1,0,0,2,11,0,0,0
3,-1,0,0,2,12,1,0,0
3,-1,0,0,2,20,0,0,0
3,-1,0,0,3,7,0,0,0
3,-1,0,0,6,14,1,0,0
3,-1,0,0,1,18,1,0,0
3,-1,0,2,1,4,1,0,0
3,-1,0,0,2,21,1,0,1
3,-1,0,2,2,1,0,0,0
3,-1,0,0,4,25,0,0,0
3,-1,0,0,1,5,1,0,0
3,-1,0,0,1,14,0,0,0
3,-1,0,2,1,6,1,0,0
3,-1,0,0,4,15,1,0,0
3,-1,0,0,2,4,0,0,0
3,-1,0,0,2,15,1,0,0
3,-1,0,0,1,18,1,0,0
3,-1,0,0,7,31,1,0,0
3,-1,0,0,2,14,0,0,0
3,-1,0,1,2,28,0,0,0
3,-1,0,2,3,30,1,0,0
1,333,19,0,5,11,1,0,0
3,-1,0,2,1,28,0,0,0
2,91,1,0,2,17,0,0,1
3,-1,0,0,2,20,1,0,0
3,-1,0,0,1,29,1,0,0
3,-1,0,2,1,19,1,0,0
3,-1,0,0,2,3,0,0,0
3,-1,0,0,1,8,0,0,1
3,-1,0,2,5,29,1,0,0
0,431,2,1,1,12,0,0,0
3,-1,0,1,2,5,0,0,0
0,84,3,0,1,11,1,0,0
3,-1,0,0,2,7,0,0,0
3,-1,0,0,2,7,0,0,0
3,-1,0,2,1,27,1,0,0
3,-1,0,0,2,19,0,0,0
0,132,2,0,3,1,0,0,0
1,170,8,0,2,20,1,0,0
3,-1,0,0,1,30,0,0,0
3,-1,0,0,1,17,0,0,0
3,-1,0,2,8,5,1,0,0
3,-1,0,2,1,5,1,0,0
3,-1,0,0,2,20,1,0,0
3,-1,0,2,3,17,0,0,0
3,-1,0,0,1,29,0,0,0
3,-1,0,2,2,20,0,0,0
3,-1,0,2,6,28,0,0,0
3,-1,0,0,3,5,1,0,0
3,-1,0,0,2,8,1,0,0
3,-1,0,0,1,6,1,0,0
3,-1,0,0,1,25,0,0,0
2,183,2,1,1,13,0,0,1
2,186,1,0,4,10,0,0,0
3,-1,0,0,2,30,0,0,0
1,189,2,0,2,20,1,0,0
3,-1,0,2,6,2,1,0,0
0,240,2,0,1,29,1,0,0
3,-1,0,0,2,6,1,0,0
3,-1,0,2,2,14,1,0,0
3,-1,0,0,1,19,0,0,0
2,87,3,0,1,6,0,0,1
3,-1,0,0,1,18,1,0,0
3,-1,0,2,4,26,1,0,0
3,-1,0,2,1,15,1,0,0
0,114,2,0,1,24,1,0,0
3,-1,0,2,2,12,1,0,0
3,-1,0,2,1,27,0,0,0
3,-1,0,2,3,7,1,0,0
3,-1,0,0,5,11,1,0,0
3,-1,0,0,1,23,0,0,1
3,-1,0,0,2,17,0,0,0
3,-1,0,0,5,12,1,0,0
3,-1,0,2,1,9,0,0,0
0,235,1,0,1,2,0,0,0
3,-1,0,0,3,23,0,0,0
3,-1,0,0,2,12,0,0,1
3,-1,0,0,6,19,0,0,0
3,-1,0,0,5,15,1,0,0
3,-1,0,2,1,13,1,0,0
0,357,1,0,1,7,1,0,0
3,-1,0,0,2,28,0,0,0
0,138,1,0,1,18,0,0,0
3,-1,0,2,2,9,1,0,0
3,-1,0,0,2,7,1,0,1
3,-1,0,2,7,16,0,0,0
3,-1,0,0,2,14,0,0,0
3,-1,0,0,2,2,1,0,0
3,-1,0,2,2,9,1,0,0
3,-1,0,2,1,26,1,0,0
3,-1,0,2,1,27,1,0,0
3,-1,0,2,1,9,1,0,0
3,-1,0,2,2,13,1,0,0
3,-1,0,2,3,16,1,0,0
3,-1,0,1,2,23,1,0,0
3,-1,0,2,1,2,1,0,0
3,-1,0,2,2,5,1,0,0
3,-1,0,2,4,28,1,0,0
2,172,4,0,1,12,1,0,0
3,-1,0,0,2,18,1,0,1
3,-1,0,0,1,8,1,0,0
2,104,3,0,2,12,1,0,1
0,222,2,0,2,2,0,0,0
3,-1,0,2,1,17,0,0,0
1,358,5,0,2,8,0,0,0
3,-1,0,0,2,15,0,0,1
3,-1,0,2,1,27,1,0,0
3,-1,0,2,2,9,1,0,0
3,-1,0,0,2,11,0,0,0
3,-1,0,2,1,19,0,0,0
3,-1,0,0,1,21,0,0,0
3,-1,0,2,2,27,1,0,0
3,-1,0,2,1,13,1,0,0
3,-1,0,0,1,2,1,0,1
3,-1,0,1,3,17,0,0,0
3,-1,0,2,1,6,0,0,0
3,-1,0,2,1,20,0,0,0
3,-1,0,0,2,20,0,0,1
3,-1,0,2,1,5,1,0,0
0,121,1,0,1,21,1,0,0
3,-1,0,0,8,27,0,0,0
3,-1,0,0,1,30,1,0,0
3,-1,0,2,15,30,1,0,1
0,131,1,0,2,18,1,0,0
3,-1,0,2,4,18,0,0,0
3,-1,0,0,4,4,0,0,0
3,-1,0,0,3,13,0,0,0
3,-1,0,0,1,20,1,0,0
3,-1,0,0,3,4,1,0,1
3,-1,0,2,3,5,1,0,0
3,-1,0,2,2,13,1,0,1
0,284,2,0,1,11,1,0,1
3,-1,0,2,1,8,1,0,0
1,110,2,0,1,18,1,0,0
3,-1,0,0,1,18,1,0,0
3,-1,0,2,5,9,1,0,0
3,-1,0,1,7,29,0,0,0
1,94,12,0,2,25,0,0,0
3,-1,0,2,1,6,1,0,0
0,234,2,0,2,19,0,0,0
3,-1,0,0,3,30,1,0,0
3,-1,0,0,3,20,1,0,0
2,80,3,0,2,4,0,0,0
0,183,2,0,3,20,1,0,0
3,-1,0,2,1,9,0,0,0
2,183,4,0,1,21,1,0,1
3,-1,0,0,1,14,0,0,0
3,-1,0,2,4,21,1,0,0
0,182,1,0,3,13,0,0,0
3,-1,0,2,3,20,0,0,0
3,-1,0,2,3,14,1,0,0
3,-1,0,0,1,18,1,0,0
3,-1,0,2,2,30,1,0,1
3,-1,0,0,5,6,0,0,0
3,-1,0,0,2,8,1,0,0
1,82,1,1,2,1,1,0,0
3,-1,0,0,3,19,1,0,0
3,-1,0,0,1,8,1,0,1
3,-1,0,2,3,26,1,0,0
3,-1,0,2,3,28,0,0,0
3,-1,0,2,2,25,0,0,0
0,344,2,0,1,17,0,0,0
2,186,5,0,4,7,1,0,0
0,188,2,0,1,17,1,0,0
3,-1,0,2,2,7,1,0,0
0,272,3,0,4,4,0,0,0
3,-1,0,2,1,23,1,0,0
3,-1,0,2,6,13,1,0,1
1,149,2,0,5,16,0,0,0
3,-1,0,2,1,14,1,0,0
0,347,2,0,2,15,1,0,0
0,371,6,0,1,8,1,0,1
1,335,5,0,1,7,1,0,0
3,-1,0,0,7,15,0,0,1
3,-1,0,0,1,21,0,0,0
3,-1,0,2,1,14,1,0,0
3,-1,0,2,3,26,1,0,0
3,-1,0,2,2,4,0,0,0
3,-1,0,2,3,27,1,0,0
3,-1,0,0,1,28,0,0,0
3,-1,0,2,2,5,1,0,0
3,-1,0,2,1,4,0,0,0
0,287,19,0,1,20,1,0,0
0,264,1,0,1,22,0,0,1
3,-1,0,0,4,22,0,0,1
3,-1,0,0,1,5,0,0,0
3,-1,0,1,3,9,0,0,0
0,251,1,0,2,22,0,0,0
3,-1,0,2,2,6,1,0,1
3,-1,0,0,3,12,0,0,0
0,274,2,0,2,4,1,0,0
3,-1,0,2,4,11,1,0,0
0,92,3,0,3,14,1,0,0
3,-1,0,0,2,18,1,0,1
3,-1,0,0,2,7,0,0,0
3,-1,0,2,3,20,0,0,0
3,-1,0,0,2,11,0,0,0
2,182,3,0,1,13,1,0,1
2,271,2,0,1,11,1,0,0
3,-1,0,0,1,5,1,0,0
3,-1,0,0,4,15,0,0,0
3,-1,0,2,1,13,1,0,0
3,-1,0,2,4,8,1,0,0
3,-1,0,0,2,5,1,0,0
3,-1,0,2,1,18,0,0,0
3,-1,0,2,1,5,1,0,0
0,345,2,0,1,16,1,0,1
3,-1,0,2,2,25,0,0,0
3,-1,0,0,1,17,1,0,1
0,248,1,0,1,5,1,0,0
3,-1,0,2,1,13,1,0,0
3,-1,0,2,3,4,1,0,0
3,-1,0,0,1,18,1,0,0
3,-1,0,2,1,29,0,0,1
3,-1,0,0,1,5,0,0,0
3,-1,0,0,2,4,0,0,0
3,-1,0,1,4,19,1,0,0
2,181,5,1,1,20,1,0,1
3,-1,0,0,4,31,1,0,0
3,-1,0,0,2,3,1,0,0
3,-1,0,2,5,20,0,0,0
3,-1,0,2,5,8,1,0,0
0,175,2,0,1,12,1,0,0
3,-1,0,0,3,3,0,0,0
3,-1,0,0,1,5,0,0,0
3,-1,0,2,2,30,0,0,0
3,-1,0,2,1,6,1,0,0
3,-1,0,2,1,12,0,0,0
0,175,6,0,1,15,1,0,0
3,-1,0,0,9,25,1,0,0
3,-1,0,2,3,26,0,0,0
3,-1,0,2,2,7,1,0,0
3,-1,0,2,1,16,1,0,1
0,148,2,0,2,17,1,0,0
3,-1,0,0,3,14,0,0,0
3,-1,0,2,1,27,1,0,0
3,-1,0,0,4,14,0,0,0
3,-1,0,1,3,22,1,0,0
3,-1,0,2,2,17,0,0,0
0,355,2,0,1,18,1,0,1
3,-1,0,1,1,17,1,0,1
3,-1,0,2,1,8,1,0,0
3,-1,0,2,2,6,0,0,0
3,-1,0,0,1,24,0,0,0
0,348,1,0,2,12,1,0,0
3,-1,0,2,1,7,1,0,0
0,355,2,0,2,6,1,0,0
3,-1,0,0,1,28,0,0,0
3,-1,0,2,1,30,1,0,1
0,133,1,0,2,1,1,0,0
3,-1,0,2,1,19,1,0,0
3,-1,0,0,2,13,0,0,1
1,204,3,0,2,4,1,0,0
2,103,5,0,3,27,0,0,0
0,111,3,0,2,18,1,0,0
3,-1,0,0,1,18,1,0,0
3,-1,0,0,5,15,1,0,0
3,-1,0,0,1,10,0,0,0
3,-1,0,0,1,17,0,0,0
3,-1,0,2,1,15,1,0,0
3,-1,0,2,12,21,1,0,0
3,-1,0,0,2,13,1,0,0
3,-1,0,0,2,24,1,0,0
1,362,3,0,1,5,1,0,0
3,-1,0,0,4,8,1,0,0
3,-1,0,0,3,8,1,0,0
3,-1,0,0,4,15,1,0,0
3,-1,0,2,1,5,1,0,0
3,-1,0,0,1,24,1,0,0
3,-1,0,0,2,17,1,0,0
3,-1,0,0,2,29,1,0,0
3,-1,0,2,1,6,1,0,0
3,-1,0,0,4,7,1,0,0
3,-1,0,0,1,29,0,0,0
3,-1,0,0,2,20,0,0,0
3,-1,0,0,2,20,1,0,1
3,-1,0,0,1,24,0,0,0
3,-1,0,2,3,15,0,0,0
3,-1,0,0,17,23,0,0,0
3,-1,0,0,1,13,0,0,0
3,-1,0,2,1,17,1,0,0
3,-1,0,0,3,29,1,0,0
3,-1,0,2,1,17,0,0,0
3,-1,0,2,1,9,1,0,0
0,271,4,0,1,12,0,0,0
3,-1,0,0,13,18,1,0,0
3,-1,0,0,6,18,0,0,0
3,-1,0,0,1,21,1,0,0
3,-1,0,0,1,20,0,0,1
3,-1,0,0,1,20,1,0,0
3,-1,0,0,6,27,0,0,1
3,-1,0,0,1,25,1,0,0
3,-1,0,0,2,21,0,0,0
3,-1,0,0,2,26,0,0,0
3,-1,0,2,1,19,0,0,0
3,-1,0,0,1,19,0,0,0
0,60,1,0,1,2,1,0,0
3,-1,0,2,1,16,0,0,0
3,-1,0,1,2,7,0,0,1
3,-1,0,2,1,3,0,0,0
3,-1,0,0,5,20,1,0,0
1,792,3,2,1,22,1,0,0
3,-1,0,0,1,4,0,0,0
3,-1,0,0,2,18,1,0,0
3,-1,0,2,2,16,1,0,0
3,-1,0,0,2,7,1,0,0
3,-1,0,2,1,17,0,0,0
3,-1,0,2,1,30,1,0,0
1,197,1,0,3,30,0,0,0
3,-1,0,0,3,6,0,0,0
3,-1,0,0,1,20,1,0,1
3,-1,0,0,7,29,1,0,0
3,-1,0,2,2,27,1,0,0
3,-1,0,2,6,30,1,0,0
3,-1,0,2,3,28,1,0,0
3,-1,0,2,1,7,1,0,0
1,318,10,0,5,20,1,0,0
3,-1,0,0,3,13,0,0,0
0,183,1,0,1,10,0,0,1
3,-1,0,2,2,17,1,0,0
3,-1,0,0,1,8,0,0,1
0,173,2,0,1,12,1,0,0
0,93,8,0,2,28,0,0,1
3,-1,0,0,2,21,1,0,0
0,93,3,0,2,21,1,0,0
3,-1,0,2,1,13,0,0,0
3,-1,0,0,4,12,0,0,0
0,48,2,0,1,13,0,0,1
3,-1,0,2,2,28,1,0,0
3,-1,0,1,1,19,0,0,0
3,-1,0,0,1,30,0,0,0
1,297,1,0,2,15,1,0,0
3,-1,0,2,1,6,1,0,0
3,-1,0,0,1,5,1,0,0
1,191,1,0,2,30,1,0,0
3,-1,0,0,1,18,1,0,0
3,-1,0,2,2,20,0,0,1
0,167,5,0,2,7,1,0,0
1,253,5,0,1,28,1,0,1
3,-1,0,2,3,30,1,0,0
2,155,1,0,5,21,0,0,0
3,-1,0,0,4,28,1,0,0
3,-1,0,0,1,19,1,0,0
3,-1,0,2,1,27,1,0,0
2,185,1,0,1,22,0,0,1
3,-1,0,0,1,2,0,0,0
3,-1,0,2,1,12,1,0,0
0,182,3,1,5,9,0,0,0
3,-1,0,0,1,18,1,0,0
3,-1,0,0,8,31,1,0,0
3,-1,0,0,5,25,0,0,0
3,-1,0,0,1,24,1,0,0
3,-1,0,0,1,29,1,0,0
3,-1,0,2,2,26,1,0,0
3,-1,0,2,4,2,1,0,0
0,368,2,0,1,15,1,0,0
3,-1,0,0,3,30,0,0,0
3,-1,0,2,3,2,1,0,0
3,-1,0,0,1,20,0,0,0
3,-1,0,1,3,14,1,0,0
3,-1,0,0,2,11,1,0,0
3,-1,0,0,4,10,0,0,0
3,-1,0,2,1,13,1,0,0
3,-1,0,0,8,6,1,0,0
0,275,2,0,2,8,1,0,0
3,-1,0,2,1,26,1,0,0
3,-1,0,0,3,29,0,0,0
3,-1,0,2,1,2,1,0,0
2,197,1,0,2,13,0,0,0
3,-1,0,0,2,29,0,0,0
3,-1,0,0,2,22,0,0,1
3,-1,0,0,3,15,1,0,0
3,-1,0,1,2,3,0,0,0
3,-1,0,0,3,22,0,0,0
3,-1,0,0,1,6,1,0,0
3,-1,0,0,1,3,1,0,1
3,-1,0,0,10,4,0,0,1
3,-1,0,0,1,4,0,0,0
2,147,5,0,2,2,1,0,1
0,91,4,0,1,11,0,0,0
1,306,1,0,9,11,1,0,0
3,-1,0,2,1,14,1,0,0
3,-1,0,0,1,15,1,0,0
3,-1,0,0,3,3,0,0,0
3,-1,0,2,1,19,1,0,0
3,-1,0,0,1,22,0,0,1
0,263,5,0,1,8,1,0,0
1,229,5,0,1,2,1,0,0
3,-1,0,2,2,8,1,0,0
3,-1,0,2,2,17,0,0,0
3,-1,0,0,1,2,1,0,0
3,-1,0,0,6,22,0,0,0
3,-1,0,1,2,30,0,0,0
3,-1,0,0,1,17,0,0,0
2,184,2,0,5,23,0,0,0
3,-1,0,1,1,13,0,0,0
0,189,1,0,3,18,1,0,0
3,-1,0,2,1,11,1,0,0
3,-1,0,0,2,8,1,0,0
0,261,2,0,1,29,1,0,0
1,233,8,0,2,30,0,0,0
3,-1,0,1,1,26,0,0,1
3,-1,0,0,2,15,0,0,0
0,307,5,1,6,6,1,0,1
3,-1,0,0,1,28,0,0,0
3,-1,0,0,1,28,0,0,0
3,-1,0,0,2,2,0,0,0
3,-1,0,0,1,15,1,0,0
0,260,1,0,1,30,1,0,0
3,-1,0,2,1,21,1,0,0
3,-1,0,0,1,19,1,0,0
0,105,2,1,1,13,0,0,0
3,-1,0,2,2,7,1,0,0
0,148,1,0,3,16,1,0,0
0,167,6,0,5,17,1,0,0
3,-1,0,0,2,2,0,0,0
3,-1,0,0,18,25,1,0,0
3,-1,0,2,4,28,1,0,0
3,-1,0,0,1,8,0,0,0
3,-1,0,2,2,2,1,0,0
3,-1,0,0,1,21,0,0,0
1,188,3,1,2,23,0,0,0
3,-1,0,1,2,29,0,0,0
3,-1,0,0,1,13,0,0,0
3,-1,0,0,2,8,0,0,0
3,-1,0,2,19,13,1,0,0
3,-1,0,0,10,31,1,0,0
3,-1,0,2,1,13,1,0,0
3,-1,0,2,1,28,1,0,0
3,-1,0,0,2,20,0,0,0
3,-1,0,0,2,12,1,0,1
0,183,1,0,1,18,1,0,0
3,-1,0,0,4,21,0,0,0
3,-1,0,0,4,6,1,0,0
3,-1,0,0,1,25,1,0,0
3,-1,0,0,1,16,1,0,0
3,-1,0,2,2,28,1,0,0
3,-1,0,0,2,16,0,0,1
3,-1,0,0,7,21,0,0,0
3,-1,0,2,2,6,1,0,0
3,-1,0,0,3,8,1,0,0
0,106,1,0,2,5,1,0,1
3,-1,0,1,1,17,1,0,0
3,-1,0,0,2,4,0,0,0
3,-1,0,0,4,11,1,0,0
0,341,1,0,1,18,1,0,0
3,-1,0,1,2,21,1,0,0
3,-1,0,1,1,17,0,0,1
3,-1,0,0,1,17,1,0,0
3,-1,0,0,1,17,1,0,0
3,-1,0,0,1,17,0,0,0
3,-1,0,0,2,20,0,0,0
3,-1,0,0,2,30,1,0,0
3,-1,0,0,20,31,1,0,0
3,-1,0,2,2,2,1,0,0
3,-1,0,0,5,19,1,0,0
3,-1,0,2,2,6,0,0,0
3,-1,0,0,5,18,1,0,0
3,-1,0,0,1,29,1,0,0
3,-1,0,2,1,15,0,0,0
3,-1,0,2,3,30,1,0,0
3,-1,0,2,4,12,0,0,0
3,-1,0,2,22,16,1,0,0
3,-1,0,0,1,23,1,0,0
3,-1,0,2,5,11,0,0,0
3,-1,0,0,2,19,0,0,0
3,-1,0,0,2,15,0,0,1
3,-1,0,0,1,21,0,0,0
3,-1,0,0,1,19,1,0,0
3,-1,0,0,1,30,1,0,1
3,-1,0,0,7,28,0,0,0
1,9,1,0,1,6,0,0,0
3,-1,0,0,3,22,1,0,0
3,-1,0,0,2,5,0,0,0
3,-1,0,0,1,19,0,0,0
3,-1,0,2,2,12,0,0,0
3,-1,0,0,2,29,0,0,0
3,-1,0,0,2,22,0,0,0
3,-1,0,2,4,2,1,0,0
3,-1,0,0,2,29,0,0,0
3,-1,0,0,2,16,1,0,0
3,-1,0,0,2,4,1,0,0
3,-1,0,2,4,17,1,0,0
3,-1,0,0,1,17,0,0,0
3,-1,0,0,2,31,1,0,0
3,-1,0,0,4,8,0,0,0
3,-1,0,0,13,28,1,0,0
3,-1,0,2,1,5,0,0,0
3,-1,0,0,2,15,0,0,1
3,-1,0,0,2,8,1,0,0
3,-1,0,0,2,19,0,0,0
3,-1,0,2,2,6,1,0,0
3,-1,0,0,1,17,1,0,0
3,-1,0,2,4,17,1,0,1
3,-1,0,0,4,15,1,0,0
3,-1,0,2,1,29,1,0,0
3,-1,0,0,2,15,1,0,0
2,92,2,0,2,10,0,0,1
1,167,1,0,1,18,1,0,0
0,192,1,0,1,29,1,0,0
3,-1,0,0,2,14,1,0,0
3,-1,0,0,1,5,0,0,0
3,-1,0,0,3,19,1,0,0
3,-1,0,0,2,2,1,0,0
3,-1,0,2,3,14,0,0,0
3,-1,0,0,1,18,1,0,0
0,351,2,0,1,14,1,0,0
1,297,2,0,1,15,0,0,0
0,167,3,0,4,4,1,0,0
3,-1,0,0,1,7,0,0,0
3,-1,0,2,2,6,1,0,0
3,-1,0,1,2,6,1,0,0
3,-1,0,0,1,2,0,0,1
1,555,2,2,1,27,1,0,1
3,-1,0,0,1,18,1,0,0
3,-1,0,0,1,22,1,0,1
1,93,5,0,1,9,0,0,0
1,361,1,0,2,15,1,0,0
3,-1,0,0,3,5,0,0,1
3,-1,0,2,2,18,0,0,0
3,-1,0,2,1,13,0,0,0
3,-1,0,0,1,8,0,0,0
1,256,2,1,12,9,1,0,0
3,-1,0,0,1,24,1,0,0
3,-1,0,0,6,29,0,0,0
3,-1,0,0,4,9,0,0,0
3,-1,0,2,1,9,1,0,0
3,-1,0,0,6,18,1,0,0
3,-1,0,0,3,23,1,0,0
3,-1,0,2,1,30,1,0,0
3,-1,0,1,4,17,0,0,1
3,-1,0,0,1,23,0,0,0
0,172,1,0,1,8,1,0,0
3,-1,0,0,4,18,0,0,1
3,-1,0,0,1,16,1,0,0
3,-1,0,0,2,7,1,0,0
3,-1,0,0,4,15,1,0,0
0,287,2,0,2,8,1,0,0
3,-1,0,2,2,8,0,0,0
3,-1,0,2,2,26,0,0,0
3,-1,0,0,1,25,0,0,0
3,-1,0,2,5,6,0,0,0
3,-1,0,0,4,26,0,0,0
3,-1,0,2,1,29,1,0,0
3,-1,0,0,1,11,1,0,0
3,-1,0,0,2,14,1,0,0
2,150,3,0,1,17,0,0,0
3,-1,0,2,2,7,1,0,0
3,-1,0,2,2,23,1,0,0
3,-1,0,2,1,5,1,0,0
3,-1,0,0,2,7,1,0,0
3,-1,0,2,3,15,1,0,0
3,-1,0,2,1,5,0,0,0
3,-1,0,2,10,30,1,0,1
3,-1,0,0,5,18,1,0,0
3,-1,0,0,6,11,1,0,0
3,-1,0,2,1,5,0,0,0
3,-1,0,0,3,18,0,0,0
3,-1,0,2,3,9,1,0,0
3,-1,0,2,1,9,0,0,0
3,-1,0,2,1,6,0,0,0
3,-1,0,0,1,13,0,0,0
3,-1,0,0,5,6,1,0,0
2,208,1,0,1,2,1,0,1
0,223,3,0,1,29,1,0,0
3,-1,0,0,2,14,1,0,0
3,-1,0,0,1,7,1,0,0
1,223,3,0,1,31,0,0,1
3,-1,0,0,4,31,0,0,0
3,-1,0,0,9,22,0,0,0
2,371,2,0,2,15,1,0,0
3,-1,0,2,1,17,0,0,0
0,189,2,0,2,30,1,0,0
0,295,3,0,4,9,0,0,0
3,-1,0,0,5,9,0,0,1
3,-1,0,0,1,4,0,0,0
3,-1,0,0,2,21,0,0,0
3,-1,0,0,1,2,0,0,0
3,-1,0,0,2,14,1,0,0
3,-1,0,0,2,25,0,0,0
3,-1,0,0,4,14,1,0,1
3,-1,0,0,2,11,0,0,0
1,160,2,0,1,30,1,0,1
3,-1,0,2,3,20,0,0,0
3,-1,0,0,2,8,1,0,0
3,-1,0,0,6,28,0,0,0
3,-1,0,2,2,9,0,0,0
3,-1,0,0,3,2,0,0,1
3,-1,0,2,1,9,0,0,0
3,-1,0,2,1,6,0,0,0
3,-1,0,0,2,7,0,0,0
3,-1,0,0,2,21,0,0,0
0,260,1,0,2,4,1,0,0
3,-1,0,2,1,7,1,0,0
3,-1,0,2,9,17,0,0,0
3,-1,0,0,3,21,0,0,0
1,281,5,0,1,2,0,0,0
1,310,1,0,1,22,1,0,0
3,-1,0,0,1,24,1,0,0
0,152,4,0,1,19,0,0,0
1,174,7,0,3,14,1,0,1
3,-1,0,0,1,28,1,0,0
3,-1,0,0,2,18,1,0,0
3,-1,0,0,4,28,0,0,0
3,-1,0,2,1,30,0,0,0
3,-1,0,0,2,8,0,0,0
3,-1,0,2,2,13,1,0,0
3,-1,0,0,2,21,0,0,0
3,-1,0,0,1,25,0,0,0
0,281,4,0,2,6,1,0,0
3,-1,0,2,2,19,0,0,0
3,-1,0,2,1,6,1,0,0
3,-1,0,2,1,23,1,0,0
3,-1,0,2,7,12,1,0,0
3,-1,0,0,4,27,0,0,0
3,-1,0,2,1,16,1,0,0
3,-1,0,0,2,24,0,0,0
0,173,2,0,1,13,1,0,0
0,253,4,0,1,5,1,0,0
0,356,2,0,1,7,1,0,0
3,-1,0,0,1,17,1,0,0
3,-1,0,0,5,8,1,0,0
3,-1,0,0,10,30,0,0,0
3,-1,0,0,4,30,1,0,0
3,-1,0,0,2,31,1,0,0
3,-1,0,0,2,11,0,0,1
3,-1,0,0,1,21,1,0,0
3,-1,0,0,1,15,1,0,0
3,-1,0,0,3,19,1,0,0
3,-1,0,0,2,5,0,0,0
3,-1,0,2,2,19,1,0,0
0,338,2,0,1,17,1,0,0
3,-1,0,0,3,19,0,0,0
3,-1,0,0,3,7,1,0,0
3,-1,0,0,1,21,1,0,0
3,-1,0,2,1,26,1,0,0
3,-1,0,0,2,7,0,0,0
3,-1,0,2,1,26,1,0,0
3,-1,0,0,1,14,0,0,0
3,-1,0,0,3,18,1,0,0
0,186,1,0,3,21,0,0,0
3,-1,0,2,7,12,1,0,0
3,-1,0,0,1,10,0,0,0
3,-1,0,0,2,17,1,0,0
1,364,1,0,2,13,1,0,0
3,-1,0,2,1,30,1,0,0
2,182,2,0,1,30,0,0,1
3,-1,0,2,5,27,1,0,0
3,-1,0,1,3,18,0,0,0
3,-1,0,0,1,5,1,0,1
3,-1,0,0,2,13,1,0,1
2,168,2,0,1,7,1,0,0
3,-1,0,0,1,9,1,0,0
3,-1,0,0,1,11,1,0,1
3,-1,0,0,2,18,1,0,0
3,-1,0,0,1,7,1,0,0
3,-1,0,1,2,18,1,0,0
3,-1,0,0,1,4,0,0,0
3,-1,0,0,2,29,0,0,0
0,266,1,0,4,30,1,0,0
3,-1,0,2,1,7,1,0,0
3,-1,0,0,2,29,0,0,0
3,-1,0,0,3,25,1,0,0
0,153,4,0,7,20,0,0,0
1,365,4,0,1,15,1,0,0
3,-1,0,0,1,11,1,0,0
3,-1,0,0,1,12,1,0,0
3,-1,0,2,2,17,0,0,0
3,-1,0,0,1,23,1,0,1
3,-1,0,0,1,15,1,0,0
3,-1,0,0,3,11,0,0,0
3,-1,0,2,1,18,0,0,0
3,-1,0,2,2,17,0,0,0
3,-1,0,0,2,28,0,0,1
0,363,2,0,3,14,1,0,0
3,-1,0,0,13,25,0,0,0
3,-1,0,0,2,20,1,0,0
3,-1,0,2,2,12,1,0,0
3,-1,0,0,1,21,1,0,0
3,-1,0,1,2,28,0,0,0
3,-1,0,0,5,28,0,0,0
3,-1,0,1,3,17,0,0,0
3,-1,0,0,5,18,1,0,0
3,-1,0,2,1,14,1,0,0
3,-1,0,2,2,9,1,0,0
3,-1,0,2,1,5,0,0,0
3,-1,0,0,4,22,0,0,0
3,-1,0,0,5,12,1,0,0
3,-1,0,0,1,20,0,0,1
3,-1,0,2,1,27,1,0,0
3,-1,0,0,5,28,1,0,0
3,-1,0,0,2,14,0,0,0
3,-1,0,2,1,26,1,0,0
3,-1,0,2,1,9,1,0,0
3,-1,0,0,9,7,0,0,0
0,247,1,0,2,29,1,0,0
3,-1,0,0,1,24,1,0,0
3,-1,0,0,8,15,1,0,0
0,365,1,0,1,15,1,0,0
3,-1,0,2,3,26,1,0,0
3,-1,0,0,1,25,0,0,1
3,-1,0,0,4,23,0,0,0
0,294,1,0,2,7,1,0,0
3,-1,0,0,22,25,1,0,0
2,82,1,0,1,2,1,0,0
3,-1,0,2,4,20,0,0,0
3,-1,0,1,6,9,0,0,0
3,-1,0,0,4,26,0,0,1
3,-1,0,1,11,22,1,0,0
3,-1,0,0,1,15,0,0,0
3,-1,0,2,3,14,1,0,0
3,-1,0,2,1,14,1,0,0
2,92,3,0,2,27,0,0,0
3,-1,0,0,4,28,0,0,0
3,-1,0,0,1,8,0,0,1
3,-1,0,0,1,7,0,0,1
3,-1,0,0,2,17,1,0,0
3,-1,0,1,2,7,1,0,0
3,-1,0,2,7,8,1,0,0
3,-1,0,0,4,29,0,0,0
3,-1,0,0,2,20,0,0,0
2,344,1,0,2,14,1,0,1
3,-1,0,0,3,15,1,0,0
3,-1,0,0,2,12,0,0,0
3,-1,0,2,1,28,0,0,0
0,174,2,1,1,10,1,0,0
3,-1,0,2,1,5,0,0,0
3,-1,0,0,2,21,1,0,0
3,-1,0,0,1,16,1,0,0
3,-1,0,2,1,9,1,0,0
3,-1,0,0,1,14,1,0,0
0,41,1,0,1,1,0,0,0
3,-1,0,0,4,7,0,0,0
3,-1,0,0,1,18,0,0,0
3,-1,0,2,2,30,1,0,0
3,-1,0,0,1,18,1,0,0
3,-1,0,0,4,12,0,0,0
3,-1,0,0,2,1,1,0,0
0,167,2,0,1,7,1,0,0
3,-1,0,0,4,27,0,0,0
3,-1,0,2,1,19,1,0,0
3,-1,0,0,4,26,0,0,0
2,103,1,0,1,27,0,0,1
3,-1,0,0,4,6,1,0,0
3,-1,0,2,1,6,0,0,0
0,371,1,0,1,14,1,0,0
3,-1,0,2,2,26,1,0,0
3,-1,0,0,2,18,1,0,0
3,-1,0,2,2,13,1,0,0
3,-1,0,0,2,29,0,0,0
3,-1,0,0,3,27,0,0,0
3,-1,0,2,1,18,1,0,0
3,-1,0,2,4,15,1,0,0
3,-1,0,0,4,22,0,0,0
3,-1,0,1,1,11,0,0,0
3,-1,0,0,1,5,0,0,0
3,-1,0,2,1,19,0,0,0
3,-1,0,0,1,4,1,0,0
3,-1,0,0,2,25,0,0,0
3,-1,0,1,2,28,0,0,0
3,-1,0,2,4,16,0,0,0
3,-1,0,0,1,2,0,0,0
3,-1,0,2,2,12,1,0,0
3,-1,0,1,1,3,0,0,1
3,-1,0,0,1,11,1,0,0
3,-1,0,1,5,21,0,0,0
1,123,7,0,1,17,1,0,0
3,-1,0,0,3,7,1,0,0
3,-1,0,0,1,17,0,0,0
2,77,3,1,1,31,0,0,0
3,-1,0,0,2,25,1,0,0
3,-1,0,2,1,7,0,0,0
3,-1,0,2,4,30,1,0,0
3,-1,0,2,1,28,1,0,0
2,86,7,0,1,5,0,0,1
3,-1,0,2,2,27,1,0,0
3,-1,0,2,1,11,1,0,0
3,-1,0,2,3,16,1,0,0
2,362,1,0,1,11,1,0,1
3,-1,0,1,4,22,0,0,0
0,170,2,0,1,19,1,0,0
3,-1,0,0,2,21,1,0,0
3,-1,0,2,2,19,0,0,0
3,-1,0,2,4,30,1,0,0
3,-1,0,2,3,15,1,0,0
0,401,1,0,5,26,1,0,0
3,-1,0,1,5,6,1,0,0
2,106,2,0,3,14,0,0,0
3,-1,0,0,1,11,1,0,0
0,187,2,0,2,2,1,0,0
2,293,1,0,1,7,1,0,1
3,-1,0,0,1,4,0,0,0
3,-1,0,2,2,26,1,0,0
0,170,5,0,3,7,1,0,1
3,-1,0,0,6,29,0,0,0
3,-1,0,0,2,17,0,0,0
3,-1,0,0,5,15,1,0,0
0,214,2,0,1,2,0,0,0
0,183,4,0,1,20,1,0,0
3,-1,0,0,1,16,0,0,0
3,-1,0,2,1,6,0,0,0
3,-1,0,2,2,17,0,0,0
0,305,1,0,2,11,1,0,0
3,-1,0,2,2,16,1,0,0
3,-1,0,0,3,9,0,0,0
3,-1,0,2,2,16,1,0,0
3,-1,0,0,2,3,1,0,1
3,-1,0,0,1,17,0,0,0
3,-1,0,2,2,19,0,0,0
3,-1,0,0,11,9,1,0,0
3,-1,0,0,1,5,0,0,0
0,100,2,0,1,21,0,0,0
3,-1,0,2,1,1,0,0,0
3,-1,0,2,1,11,0,0,0
3,-1,0,0,4,21,0,0,0
0,154,2,0,1,18,0,0,0
3,-1,0,2,2,9,0,0,0
3,-1,0,2,1,1,0,0,0
3,-1,0,0,7,21,0,0,0
3,-1,0,0,4,21,1,0,0
3,-1,0,0,1,13,0,0,1
3,-1,0,2,1,2,1,0,0
3,-1,0,0,4,12,1,0,0
3,-1,0,2,3,27,1,0,0
3,-1,0,2,1,9,0,0,0
3,-1,0,0,1,21,0,0,0
3,-1,0,0,1,18,1,0,0
3,-1,0,0,2,28,0,0,0
3,-1,0,2,1,5,0,0,0
3,-1,0,0,25,19,0,0,0
3,-1,0,2,2,9,0,0,0
1,112,2,0,2,20,0,0,0
0,211,1,0,1,5,1,0,0
3,-1,0,0,3,17,0,0,0
3,-1,0,0,4,14,1,0,0
3,-1,0,0,2,20,1,0,0
3,-1,0,2,1,7,1,0,0
3,-1,0,0,4,3,1,0,0
3,-1,0,0,5,27,0,0,0
3,-1,0,2,6,26,1,0,0
3,-1,0,0,4,15,1,0,0
3,-1,0,0,3,12,0,0,0
3,-1,0,0,5,12,1,0,0
3,-1,0,0,2,7,1,0,0
3,-1,0,2,1,14,1,0,0
0,187,1,1,1,12,0,0,0
3,-1,0,0,1,14,0,0,1
3,-1,0,2,2,18,0,0,0
3,-1,0,0,1,22,0,0,0
3,-1,0,2,1,20,1,0,0
3,-1,0,0,1,20,1,0,0
3,-1,0,0,1,17,1,0,0
3,-1,0,0,4,31,0,0,0
3,-1,0,0,3,24,0,0,1
0,246,2,0,3,29,1,0,0
3,-1,0,0,2,16,0,0,1
3,-1,0,0,1,7,1,0,0
3,-1,0,0,2,10,1,0,0
3,-1,0,0,3,28,0,0,0
3,-1,0,0,4,7,1,0,0
3,-1,0,0,1,6,1,0,0
3,-1,0,2,4,6,1,0,0
3,-1,0,0,3,27,0,0,0
3,-1,0,0,2,18,1,0,0
3,-1,0,0,2,12,0,0,0
3,-1,0,0,1,30,0,0,0
3,-1,0,2,2,26,1,0,0
3,-1,0,0,4,28,0,0,1
3,-1,0,0,1,28,0,0,0
3,-1,0,2,3,26,1,0,0
3,-1,0,2,3,14,1,0,1
3,-1,0,0,1,20,1,0,0
3,-1,0,2,4,23,0,0,0
3,-1,0,2,2,28,1,0,0
3,-1,0,0,1,21,0,0,0
3,-1,0,0,4,20,1,0,0
3,-1,0,2,12,21,1,0,0
3,-1,0,2,2,7,1,0,0
3,-1,0,2,3,14,1,0,0
0,93,5,0,1,19,1,0,0
3,-1,0,1,1,8,0,0,0
0,182,4,1,1,3,0,0,0
3,-1,0,0,2,7,1,0,0
0,103,4,0,1,17,1,0,0
0,120,2,0,1,29,0,0,1
3,-1,0,0,5,24,0,0,0
3,-1,0,2,1,27,1,0,0
3,-1,0,0,5,14,0,0,0
0,325,4,0,1,20,0,0,0
1,184,15,0,2,28,0,0,0
0,287,8,0,1,6,1,0,0
3,-1,0,0,4,8,1,0,0
0,350,2,0,2,12,1,0,0
3,-1,0,2,2,5,1,0,0
3,-1,0,0,2,17,1,0,0
0,273,1,0,2,2,1,0,0
3,-1,0,0,3,25,1,0,0
3,-1,0,0,1,27,1,0,0
3,-1,0,0,3,7,0,0,0
3,-1,0,0,2,7,0,0,0
3,-1,0,0,3,18,0,0,1
0,92,1,0,4,27,0,0,1
3,-1,0,0,1,10,0,0,0
3,-1,0,2,1,29,1,0,0
0,203,5,0,2,3,1,0,0
3,-1,0,2,1,30,1,0,0
1,365,24,0,8,15,1,0,0
3,-1,0,2,2,13,1,0,0
3,-1,0,0,2,29,0,0,0
3,-1,0,0,1,19,1,0,0
3,-1,0,1,4,18,1,0,0
3,-1,0,2,1,18,0,0,0
3,-1,0,2,7,3,1,0,0
3,-1,0,0,7,28,1,0,0
3,-1,0,0,1,8,0,0,0
3,-1,0,0,3,11,0,0,0
3,-1,0,0,2,11,1,0,1
3,-1,0,0,2,21,0,0,0
2,428,2,0,2,21,1,0,1
3,-1,0,0,1,24,0,0,0
3,-1,0,0,2,13,1,0,0
3,-1,0,2,1,16,0,0,0
3,-1,0,0,1,8,0,0,1
3,-1,0,0,3,18,1,0,0
3,-1,0,0,2,11,0,0,0
3,-1,0,0,4,30,0,0,0
3,-1,0,0,1,18,0,0,0
0,200,1,0,1,16,0,0,0
3,-1,0,0,1,19,1,0,0
3,-1,0,0,4,28,0,0,1
1,183,2,0,3,19,1,0,0
3,-1,0,0,1,12,0,0,1
3,-1,0,0,2,5,1,0,0
3,-1,0,0,1,28,0,0,0
3,-1,0,0,3,26,1,0,0
0,266,7,0,1,2,1,0,0
3,-1,0,2,20,9,0,0,0
0,252,3,0,4,8,1,0,0
3,-1,0,1,9,20,0,0,0
3,-1,0,0,6,31,0,0,0
3,-1,0,2,2,20,1,0,0
3,-1,0,2,3,20,0,0,0
2,100,3,0,1,12,0,0,0
0,167,1,0,2,5,1,0,0
0,231,1,0,1,28,0,0,0
3,-1,0,0,2,15,1,0,0
3,-1,0,0,6,5,0,0,0
3,-1,0,2,13,19,1,0,0
3,-1,0,0,2,29,0,0,0
3,-1,0,2,5,16,1,0,0
3,-1,0,0,3,4,0,0,1
3,-1,0,2,1,5,0,0,0
3,-1,0,0,1,9,1,0,0
3,-1,0,2,5,3,1,0,0
3,-1,0,0,2,21,0,0,0
3,-1,0,2,6,6,0,0,0
3,-1,0,0,2,29,0,0,0
3,-1,0,2,2,7,1,0,0
3,-1,0,2,4,27,1,0,0
1,390,2,0,4,2,0,0,1
0,253,1,0,4,5,1,0,0
3,-1,0,2,4,28,1,0,0
3,-1,0,2,1,7,1,0,0
3,-1,0,1,1,1,0,0,1
1,97,12,0,6,4,0,0,1
3,-1,0,0,3,27,0,0,0
3,-1,0,2,1,23,1,0,0
3,-1,0,0,3,14,1,0,0
3,-1,0,0,3,12,1,0,0
1,170,3,0,1,7,1,0,0
3,-1,0,2,3,2,1,0,0
3,-1,0,2,3,29,1,0,0
3,-1,0,2,1,5,1,0,0
3,-1,0,0,2,19,1,0,0
3,-1,0,1,2,19,1,0,0
3,-1,0,0,4,20,0,0,0
3,-1,0,0,2,12,0,0,0
1,316,1,1,6,16,1,0,0
3,-1,0,0,2,7,0,0,0
3,-1,0,0,1,10,1,0,0
3,-1,0,2,2,6,1,0,0
0,106,2,0,1,21,0,0,0
3,-1,0,2,1,20,1,0,0
3,-1,0,0,1,26,1,0,0
3,-1,0,0,3,13,0,0,1
0,297,3,0,1,7,1,0,0
3,-1,0,2,1,29,1,0,0
3,-1,0,0,3,22,1,0,0
3,-1,0,0,2,27,0,0,0
3,-1,0,2,1,9,0,0,0
3,-1,0,2,3,2,1,0,0
3,-1,0,0,4,22,0,0,0
3,-1,0,0,1,14,1,0,0
3,-1,0,0,1,15,0,0,0
3,-1,0,0,1,4,0,0,1
0,166,7,0,2,6,1,0,0
3,-1,0,0,1,10,0,0,1
3,-1,0,0,1,7,1,0,0
3,-1,0,1,1,17,0,0,0
3,-1,0,2,3,19,1,0,0
3,-1,0,0,3,8,0,0,1
3,-1,0,0,6,16,0,0,0
3,-1,0,2,1,19,1,0,0
3,-1,0,0,28,28,0,0,0
3,-1,0,0,2,12,1,0,0
3,-1,0,0,2,20,1,0,0
3,-1,0,2,4,27,1,0,0
3,-1,0,0,1,5,1,0,0
3,-1,0,2,1,19,0,0,0
3,-1,0,0,2,13,0,0,0
3,-1,0,2,2,7,1,0,0
3,-1,0,0,1,18,1,0,0
3,-1,0,0,1,10,1,0,0
3,-1,0,0,1,17,0,0,1
1,371,4,1,4,1,0,0,0
3,-1,0,0,2,3,0,0,1
0,146,4,0,1,16,0,0,0
3,-1,0,0,4,25,0,0,0
3,-1,0,0,1,18,1,0,1
3,-1,0,2,12,20,1,0,0
3,-1,0,0,13,15,0,0,0
3,-1,0,0,2,24,0,0,0
3,-1,0,2,1,7,1,0,0
0,260,4,0,2,29,1,0,0
0,119,8,1,3,21,1,0,0
0,183,1,0,1,16,1,0,1
1,173,2,0,1,18,1,0,0
3,-1,0,2,4,2,1,0,0
3,-1,0,0,2,31,1,0,0
3,-1,0,2,1,8,1,0,0
3,-1,0,2,1,6,0,0,0
3,-1,0,2,2,26,1,0,0
2,182,3,0,1,4,1,0,0
3,-1,0,2,2,21,1,0,0
3,-1,0,0,1,11,1,0,0
3,-1,0,2,2,12,1,0,0
3,-1,0,0,1,29,0,0,0
2,182,2,1,6,15,1,0,1
3,-1,0,2,1,5,0,0,0
3,-1,0,0,2,14,1,0,0
3,-1,0,0,2,26,0,0,1
3,-1,0,2,2,5,1,0,1
3,-1,0,0,2,13,0,0,0
3,-1,0,0,3,29,0,0,0
3,-1,0,2,3,12,0,0,0
3,-1,0,2,1,5,0,0,0
3,-1,0,0,3,19,0,0,1
0,356,1,0,1,18,1,0,0
0,377,2,0,1,2,0,0,0
3,-1,0,2,1,28,1,0,0
3,-1,0,0,1,19,1,0,1
0,115,2,1,2,8,0,0,0
3,-1,0,2,2,2,1,0,0
2,187,3,1,2,19,0,0,1
3,-1,0,2,1,8,1,0,0
3,-1,0,0,1,28,0,0,0
3,-1,0,0,3,11,0,0,0
3,-1,0,2,4,19,1,0,0
0,234,5,0,2,29,1,0,0
3,-1,0,0,1,10,1,0,0
3,-1,0,2,1,4,1,0,0
3,-1,0,1,4,29,0,0,0
3,-1,0,0,1,15,1,0,0
3,-1,0,2,1,2,1,0,0
0,500,1,0,2,14,0,0,0
3,-1,0,0,8,25,1,0,0
0,185,2,0,2,12,0,0,0
3,-1,0,0,2,5,0,0,1
2,290,3,0,1,18,0,0,1
3,-1,0,2,1,11,0,0,0
3,-1,0,2,1,26,0,0,0
3,-1,0,0,4,20,0,0,0
3,-1,0,0,2,2,0,0,0
3,-1,0,2,1,17,0,0,1
3,-1,0,0,2,29,0,0,1
3,-1,0,2,1,7,1,0,0
3,-1,0,0,1,5,1,0,0
3,-1,0,2,2,2,0,0,0
1,133,1,0,1,3,1,0,0
3,-1,0,0,1,21,0,0,0
3,-1,0,2,1,5,0,0,1
3,-1,0,0,1,1,1,0,1
3,-1,0,0,1,13,1,0,0
3,-1,0,0,1,18,1,0,0
3,-1,0,0,2,29,1,0,1
3,-1,0,2,4,6,1,0,0
3,-1,0,0,2,14,0,0,0
0,155,2,0,1,20,1,0,0
3,-1,0,2,3,9,1,0,0
3,-1,0,0,3,17,1,0,0
3,-1,0,0,1,8,1,0,0
3,-1,0,2,2,20,0,0,0
3,-1,0,1,7,8,0,0,0
3,-1,0,0,1,26,0,0,0
3,-1,0,0,2,3,0,0,1
3,-1,0,0,3,21,0,0,1
3,-1,0,0,2,10,0,0,0
3,-1,0,0,1,20,1,0,0
2,356,2,0,1,14,1,0,1
3,-1,0,2,1,6,0,0,0
3,-1,0,1,2,30,0,0,0
3,-1,0,0,1,9,0,0,0
3,-1,0,0,4,20,1,0,0
3,-1,0,0,1,24,0,0,0
1,362,5,0,1,6,1,0,0
3,-1,0,0,1,19,0,0,0
0,364,1,0,1,15,1,0,0
3,-1,0,0,2,9,1,0,0
3,-1,0,0,4,23,1,0,0
1,102,1,0,1,29,0,0,1
3,-1,0,1,1,5,0,0,0
2,181,4,0,2,27,0,0,0
3,-1,0,2,2,21,1,0,0
3,-1,0,2,5,9,1,0,0
3,-1,0,0,1,28,0,0,0
0,344,1,0,1,5,1,0,0
3,-1,0,0,2,15,0,0,0
3,-1,0,0,2,8,0,0,0
0,547,1,0,1,26,0,0,0
3,-1,0,0,1,5,0,0,1
3,-1,0,0,1,21,0,0,0
3,-1,0,0,1,18,1,0,0
3,-1,0,2,1,16,1,0,0
3,-1,0,0,4,16,0,0,0
3,-1,0,0,2,11,0,0,0
3,-1,0,0,2,17,0,0,0
0,135,1,0,2,20,0,0,0
3,-1,0,2,1,7,1,0,0
3,-1,0,0,1,22,1,0,0
3,-1,0,2,3,18,1,0,0
3,-1,0,0,6,28,0,0,0
3,-1,0,2,6,23,0,0,1
3,-1,0,0,3,15,1,0,0
3,-1,0,0,6,12,0,0,1
0,261,2,0,2,29,1,0,0
0,349,3,0,1,11,1,0,0
3,-1,0,2,2,6,1,0,0
3,-1,0,0,1,21,0,0,0
3,-1,0,2,1,21,1,0,0
3,-1,0,0,1,4,1,0,0
3,-1,0,0,2,21,1,0,0
3,-1,0,2,2,8,1,0,0
2,193,1,0,1,17,1,0,0
3,-1,0,0,4,31,1,0,0
3,-1,0,1,6,13,1,0,0
3,-1,0,2,1,27,1,0,0
3,-1,0,0,1,14,1,0,0
3,-1,0,0,1,8,1,0,0
3,-1,0,0,1,21,0,0,0
3,-1,0,2,5,8,1,0,0
3,-1,0,0,1,2,1,0,0
0,175,2,0,3,16,0,0,0
3,-1,0,0,2,11,1,0,0
3,-1,0,0,7,27,0,0,0
3,-1,0,0,1,10,0,0,0
0,270,2,0,3,30,1,0,0
3,-1,0,2,2,29,1,0,0
0,202,3,0,2,9,1,0,0
3,-1,0,1,1,6,1,0,0
3,-1,0,0,4,28,1,0,1
3,-1,0,2,5,26,1,0,0
3,-1,0,2,1,22,0,0,0
3,-1,0,1,1,18,1,0,0
0,217,1,0,7,6,0,0,0
3,-1,0,0,1,8,0,0,0
3,-1,0,0,1,30,1,0,0
3,-1,0,0,1,4,0,0,0
3,-1,0,2,1,17,0,0,0
3,-1,0,0,4,18,1,0,0
3,-1,0,0,1,17,0,0,0
3,-1,0,0,4,16,0,0,1
3,-1,0,0,2,21,0,0,0
2,181,4,0,1,15,1,0,1
3,-1,0,0,1,17,0,0,1
0,247,2,0,2,29,1,0,0
3,-1,0,0,2,22,0,0,0
3,-1,0,2,4,23,0,0,0
2,185,2,0,1,10,0,0,1
3,-1,0,0,3,26,0,0,0
3,-1,0,0,1,13,1,0,0
3,-1,0,0,1,15,0,0,1
3,-1,0,2,3,26,1,0,0
3,-1,0,2,3,16,0,0,0
3,-1,0,0,4,21,0,0,0
3,-1,0,0,3,4,0,0,1
3,-1,0,2,1,17,0,0,0
3,-1,0,0,25,30,1,0,0
3,-1,0,0,2,21,1,0,0
3,-1,0,0,2,23,0,0,0
3,-1,0,2,2,27,0,0,1
3,-1,0,0,1,9,1,0,1
0,91,6,0,1,5,0,0,1
3,-1,0,0,5,7,0,0,0
3,-1,0,0,2,4,1,0,0
3,-1,0,0,1,19,0,0,1
3,-1,0,0,2,22,0,0,0
3,-1,0,0,1,19,1,0,0
3,-1,0,0,1,7,0,0,0
3,-1,0,0,4,25,0,0,0
3,-1,0,0,2,19,0,0,0
3,-1,0,0,2,20,0,0,0
3,-1,0,0,2,21,1,0,0
3,-1,0,0,1,10,0,0,1
3,-1,0,2,1,4,1,0,0
3,-1,0,0,1,18,1,0,0
1,184,1,0,1,21,1,0,0
3,-1,0,0,2,9,0,0,0
3,-1,0,0,2,14,1,0,0
3,-1,0,0,2,8,1,0,0
3,-1,0,2,3,19,1,0,0
3,-1,0,0,4,27,0,0,0
3,-1,0,2,4,29,1,0,0
3,-1,0,2,4,20,1,0,0
3,-1,0,2,2,8,1,0,0
0,370,1,0,1,14,1,0,0
3,-1,0,2,2,29,1,0,0
1,363,2,0,1,14,1,0,0
3,-1,0,2,1,16,1,0,0
3,-1,0,2,4,3,1,0,0
3,-1,0,0,3,15,1,0,0
3,-1,0,0,3,22,0,0,0
2,181,1,0,1,12,0,0,1
3,-1,0,0,2,7,0,0,0
3,-1,0,0,8,27,0,0,0
3,-1,0,0,4,25,0,0,0
3,-1,0,2,1,28,1,0,0
1,213,1,0,1,5,0,0,0
3,-1,0,0,2,8,0,0,0
3,-1,0,0,3,15,1,0,0
3,-1,0,0,1,19,0,0,0
3,-1,0,0,2,9,0,0,1
3,-1,0,2,2,8,1,0,1
3,-1,0,0,1,19,1,0,0
3,-1,0,0,3,30,1,0,0
3,-1,0,0,1,3,0,0,1
3,-1,0,0,1,14,1,0,0
0,345,2,0,1,14,1,0,0
3,-1,0,2,2,14,1,0,0
3,-1,0,2,3,20,0,0,0
3,-1,0,0,2,22,0,0,0
3,-1,0,0,1,23,0,0,0
3,-1,0,1,8,14,0,0,0
3,-1,0,2,1,6,0,0,0
3,-1,0,0,3,16,1,0,0
3,-1,0,0,1,24,0,0,0
3,-1,0,2,1,16,1,0,0
3,-1,0,2,1,14,1,0,0
2,105,3,0,1,15,0,0,1
0,239,13,0,1,22,0,0,1
3,-1,0,0,2,15,0,0,0
3,-1,0,2,1,5,1,0,0
3,-1,0,2,2,29,1,0,0
3,-1,0,2,2,13,1,0,0
3,-1,0,2,2,3,1,0,0
3,-1,0,2,1,16,0,0,0
3,-1,0,0,3,6,1,0,0
0,352,1,0,1,15,1,0,0
3,-1,0,0,1,28,0,0,0
3,-1,0,1,2,2,0,0,0
3,-1,0,2,2,3,1,0,0
3,-1,0,0,4,22,0,0,0
3,-1,0,0,3,11,1,0,0
3,-1,0,2,3,7,1,0,0
3,-1,0,0,1,12,0,0,0
3,-1,0,2,10,20,0,0,0
0,146,1,0,1,15,1,0,0
3,-1,0,1,4,19,0,0,0
3,-1,0,0,1,30,0,0,0
3,-1,0,2,3,3,1,0,0
3,-1,0,0,1,19,0,0,0
0,152,1,0,1,20,1,0,0
3,-1,0,1,4,7,0,0,0
3,-1,0,0,5,21,1,0,0
3,-1,0,0,1,20,0,0,1
3,-1,0,2,1,5,1,0,0
3,-1,0,0,1,30,1,0,0
3,-1,0,2,1,27,1,0,0
3,-1,0,0,2,14,0,0,0
3,-1,0,2,3,20,0,0,1
3,-1,0,2,4,18,1,0,0
3,-1,0,0,6,19,0,0,0
3,-1,0,0,3,29,1,0,0
3,-1,0,1,2,23,0,0,0
3,-1,0,2,1,9,1,0,0
3,-1,0,0,2,24,0,0,0
3,-1,0,0,1,4,0,0,0
3,-1,0,2,1,21,1,0,0
3,-1,0,0,3,7,1,0,0
3,-1,0,0,1,17,0,0,0
3,-1,0,2,2,23,1,0,0
3,-1,0,0,1,17,1,0,0
3,-1,0,0,1,3,1,0,1
3,-1,0,0,1,20,0,0,0
3,-1,0,2,2,26,0,0,0
3,-1,0,2,1,16,0,0,0
3,-1,0,0,1,18,1,0,0
3,-1,0,0,3,18,1,0,0
0,181,1,0,1,18,1,0,0
3,-1,0,0,4,25,0,0,0
3,-1,0,2,1,8,1,0,1
3,-1,0,0,4,15,0,0,1
3,-1,0,2,4,2,1,0,0
3,-1,0,0,2,26,0,0,0
3,-1,0,0,3,23,0,0,0
3,-1,0,0,2,14,0,0,0
3,-1,0,2,1,5,1,0,0
3,-1,0,2,7,15,1,0,0
3,-1,0,0,2,17,1,0,0
3,-1,0,1,1,3,0,0,0
3,-1,0,0,1,6,1,0,0
3,-1,0,0,1,29,0,0,0
3,-1,0,0,1,15,1,0,0
3,-1,0,2,1,9,0,0,0
3,-1,0,0,10,26,0,0,0
3,-1,0,0,2,7,0,0,0
3,-1,0,0,3,5,1,0,1
3,-1,0,2,2,27,1,0,0
3,-1,0,0,1,10,1,0,0
3,-1,0,2,1,7,1,0,0
3,-1,0,0,1,17,1,0,0
3,-1,0,0,1,20,1,0,0
3,-1,0,0,4,29,0,0,0
0,370,1,0,1,13,1,0,0
3,-1,0,2,10,15,0,0,0
1,153,1,0,1,19,0,0,0
3,-1,0,0,4,31,1,0,0
2,213,10,0,2,15,0,0,1
3,-1,0,2,1,29,1,0,0
